14D,1414 Degrees Ltd,Industrials,,,,
1ST,1ST Group Ltd,Health Care,,,,
3PL,3P Learning Ltd,Consumer Discretionary,,,,
4DS,4DS Memory Ltd,Information Technology,,,,
5GN,5G Networks Ltd,,,,,
88E,88 Energy Ltd,Energy,,,,
8CO,8COMMON Ltd,Information Technology,,,,
8IH,8I Holdings Ltd,Financials,,,,
8EC,8IP Emerging Companies Ltd,,,,,
8VI,8VIC Holdings Ltd,Consumer Discretionary,,,,
9SP,9 Spokes International Ltd,Information Technology,,,,
ACB,A-Cap Energy Ltd,Energy,,,,
A2B,A2B Australia Ltd,Industrials,,,,
ABP,Abacus Property Group,Real Estate,,,,
ABL,Abilene Oil and Gas Ltd,Energy,,,,
AEG,Absolute Equity Performance Fund Ltd,,,,,
ABT,Abundant Produce Ltd,Consumer Staples,,,,
ACS,Accent Resources NL,Materials,,,,
ACQ,Acorn Capital Investment Fund Ltd,,,,,
ACF,Acrow Formwork and Construction Services Ltd,Industrials,,,,
ACR,ACRUX Ltd,Health Care,,,,
ACW,Actinogen Medical Ltd,Health Care,,,,
ACU,Acumentis Group Ltd,Real Estate,,,,
AD1,AD1 Holdings Ltd,Communication Services,,,,
ADA,Adacel Technologies Ltd,Information Technology,,,,
ADH,Adairs Ltd,Consumer Discretionary,,,,
1AD,Adalta Ltd,Health Care,,,,
ADD,Adavale Resources Ltd,Energy,,,,
ABC,Adelaide Brighton Ltd,Materials,,,,
ADR,Adherium Ltd,Health Care,,,,
AHZ,Admedus Ltd,Health Care,,,,
ADY,Admiralty Resources NL,Materials,,,,
ADT,Adriatic Metals Plc,Materials,,,,
ADJ,Adslot Ltd,Information Technology,,,,
ABV,Advanced Braking Technology Ltd,Consumer Discretionary,,,,
ADX,ADX Energy Ltd,Energy,,,,
AER,Aeeris Ltd,Communication Services,,,,
AEI,Aeris Environmental Ltd,Industrials,,,,
AFL,Af Legal Group Ltd,Industrials,,,,
AEB,Affinity Energy and Health Ltd,Health Care,,,,
AFR,African Energy Resources Ltd,Energy,,,,
A1G,African Gold Ltd,Materials,,,,
AFT,AFT Corporation Ltd,Information Technology,,,,
AFP,Aft Pharmaceuticals Ltd,Health Care,,,,
AGL,AGL Energy Ltd,Utilities,,,,
AGJ,Agricultural Land Trust,Real Estate,,,,
AGR,Aguia Resources Ltd,Materials,,,,
AHL,Ahalife Holdings Ltd,Consumer Discretionary,,,,
A1M,Aic Mines Ltd,Materials,,,,
AGI,Ainsworth Game Technology Ltd,Consumer Discretionary,,,,
A40,Alita Resources Ltd,Materials,,,,
AHQ,Allegiance Coal Ltd,Materials,,,,
AGS,Alliance Resources Ltd,Materials,,,,
AGE,Alligator Energy Ltd,Energy,,,,
A4N,Alpha Hpa Ltd,Materials,,,,
1AG,Alterra Ltd,Industrials,,,,
AGH,Althea Group Holdings Ltd,Health Care,,,,
3DA,Amaero International Ltd,Industrials,,,,
ABR,American Pacific Borates Ltd,Materials,,,,
ADN,Andromeda Metals Ltd,Materials,,,,
AAR,Anglo Australian Resources NL,Materials,,,,
AGG,Anglogold Ashanti Ltd,Materials,,,,
ADO,Anteotech Ltd,Health Care,,,,
AGX1,Antipodes Global Shares (Quoted Managed Fund),,,,,
AHX,Apiam Animal Health Ltd,Health Care,,,,
ADI,Apn Industria REIT,Real Estate,,,,
ADV,Ardiden Ltd,Materials,,,,
AGY,Argosy Minerals Ltd,Materials,,,,
AHK,Ark Mines Ltd,Materials,,,,
AAJ,Aruma Resources Ltd,Materials,,,,
AHY,Asaleo Care Ltd,Consumer Staples,,,,
AFA,Asf Group Ltd,Financials,,,,
AHN,Athena Resources Ltd,Materials,,,,
AIA,Auckland International Airport Ltd,Industrials,,,,
ACP,Audalia Resources Ltd,Materials,,,,
AD8,Audinate Group Ltd,Information Technology,,,,
AEE,Aura Energy Ltd,Energy,,,,
ABW,Aurora Absolute Return Fund,,,,,
A3D,Aurora Labs Ltd,Industrials,,,,
AC8,Auscann Group Holdings Ltd,Health Care,,,,
AGD,Austral Gold Ltd,Materials,,,,
AAC,Australian Agricultural Company Ltd,Consumer Staples,,,,
AAP,Australian Agricultural Projects Ltd,Consumer Staples,,,,
ABX,Australian Bauxite Ltd,Materials,,,,
AHF,Australian Dairy Nutritionals Group,Consumer Staples,,,,
AEF,Australian Ethical Investment Ltd,Financials,,,,
AFG,Australian Finance Group Ltd,Financials,,,,
AFI,Australian Foundation Investment Company Ltd,,,,,
AGM,Australian Governance & Ethical INDEX Fund,,,,,
ABA,Auswide Bank Ltd,Financials,,,,
AEV,Avenira Ltd,Materials,,,,
A200,Betashares Australia 200 ETF,,,,,
AGVT,Betashares Australian Government Bond ETF,,,,,
AAA,Betashares Australian High Interest Cash ETF,,,,,
ACDC,ETFs Battery Tech & Lithium ETF,,,,,
4CE,Force Commodities Ltd,Materials,,,,
360,LIFE360 Inc,Information Technology,,,,
1AL,Oneall International Ltd,Consumer Discretionary,,,,
3DP,Pointerra Ltd,Information Technology,,,,
A2M,The a2 Milk Company Ltd,Consumer Staples,,,,
2BE,Tubi Ltd,Energy,,,,
AIB,Aurora Global Income Trust,,,,,
AIQ,Alternative Investment Trust,,,,,
AIR,Astivita Ltd,Industrials,,,,
AIS,Aeris Resources Ltd,Materials,,,,
AIV,Activex Ltd,Materials,,,,
AIY,Authorised Investment Fund Ltd,,,,,
AIZ,Air New Zealand Ltd,Industrials,,,,
AJC,Acacia Coal Ltd,Energy,,,,
AJJ,Asian American Medical Group Ltd,Health Care,,,,
AJL,AJ Lucas Group Ltd,Industrials,,,,
AJM,Altura Mining Ltd,Materials,,,,
AJQ,Armour Energy Ltd,Energy,,,,
AJX,Alexium International Group Ltd,Materials,,,,
AJY,Asaplus Resources Ltd,Materials,,,,
AKG,Academies Australasia Group Ltd,Consumer Discretionary,,,,
AKM,Aspire Mining Ltd,Materials,,,,
AKN,Auking Mining Ltd,Materials,,,,
AKP,Audio Pixels Holdings Ltd,Consumer Discretionary,,,,
AL3,AML3D Ltd,Industrials,,,,
AL8,Alderan Resources Ltd,Materials,,,,
ALC,Alcidion Group Ltd,Health Care,,,,
ALF,Australian Leaders Fund Ltd,,,,,
ALG,Ardent Leisure Group Ltd,Consumer Discretionary,,,,
ALI,Argo Global Listed Infrastructure Ltd,,,,,
ALK,Alkane Resources Ltd,Materials,,,,
ALL,Aristocrat Leisure Ltd,Consumer Discretionary,,,,
ALQ,Als Ltd,Industrials,,,,
ALT,Analytica Ltd,Health Care,,,,
ALU,Altium Ltd,Information Technology,,,,
ALX,Atlas Arteria,Industrials,,,,
ALY,Alchemy Resources Ltd,Materials,,,,
AMA,AMA Group Ltd,Industrials,,,,
AMB,Ambition Group Ltd,Industrials,,,,
AMC,Amcor Plc,Materials,,,,
AMD,Arrow Minerals Ltd,Materials,,,,
AME,Alto Metals Ltd,Materials,,,,
AMG,Ausmex Mining Group Ltd,Materials,,,,
AMH,Amcil Ltd,,,,,
AMI,Aurelia Metals Ltd,Materials,,,,
AML,Aeon Metals Ltd,Materials,,,,
AMN,Agrimin Ltd,Materials,,,,
AMO,Ambertech Ltd,Information Technology,,,,
AMP,AMP Ltd,Financials,,,,
AMS,Atomos Ltd,Consumer Discretionary,,,,
AMT,Allegra Orthopaedics Ltd,Health Care,,,,
AMX,Aerometrex Ltd,Industrials,,,,
ANA,Ansila Energy NL,Energy,,,,
ANG,Austin Engineering Ltd,Industrials,,,,
ANL,Amani Gold Ltd,Materials,,,,
ANN,Ansell Ltd,Health Care,,,,
ANO,Advance Nanotek Ltd,Materials,,,,
ANP,Antisense Therapeutics Ltd,Health Care,,,,
ANR,Anatara Lifesciences Ltd,Health Care,,,,
ANS,Austsino Resources Group Ltd,Materials,,,,
ANW,Aus Tin Mining Ltd,Materials,,,,
ANZ,Australia and New Zealand Banking Group Ltd,Financials,,,,
AO1,Assetowl Ltd,Information Technology,,,,
AOA,Ausmon Resources Ltd,Materials,,,,
AOF,Australian Unity Office Fund,Real Estate,,,,
AON,Apollo Minerals Ltd,Materials,,,,
AOP,Apollo Consolidated Ltd,Materials,,,,
AOU,Auroch Minerals Ltd,Materials,,,,
AOW,American Patriot Oil & Gas Ltd,Energy,,,,
APA,APA Group,Utilities,,,,
APC,Australian Potash Ltd,Materials,,,,
APD,Apn Property Group,Financials,,,,
APE,AP Eagers Ltd,Consumer Discretionary,,,,
APG,Austpac Resources NL,Materials,,,,
APH,Australian Primary Hemp Ltd,Health Care,,,,
API,Australian Pharmaceutical Industries Ltd,Health Care,,,,
APL,Antipodes Global Investment Company Ltd,,,,,
APT,Afterpay Ltd,Information Technology,,,,
APV,Appsvillage Australia Ltd,Information Technology,,,,
APW,Aims Property Securities Fund,Real Estate,,,,
APX,Appen Ltd,Information Technology,,,,
APZ,Aspen Group,Real Estate,,,,
AQC,Australian Pacific Coal Ltd,Materials,,,,
AQD,Ausquest Ltd,Materials,,,,
AQG,Alacer Gold Corp,Materials,,,,
AQI,Alicanto Minerals Ltd,Materials,,,,
AQR,Apn Convenience Retail REIT,Real Estate,,,,
AQS,AQUIS Entertainment Ltd,Consumer Discretionary,,,,
AQX,Alice QUEEN Ltd,Materials,,,,
AQZ,Alliance Aviation Services Ltd,Industrials,,,,
AR9,Archtis Ltd,Information Technology,,,,
ARA,Ariadne Australia Ltd,Industrials,,,,
ARB,ARB Corporation Ltd,Consumer Discretionary,,,,
ARC,Australian Rural Capital Ltd,Financials,,,,
ARD,Argent Minerals Ltd,Materials,,,,
ARE,Argonaut Resources NL,Materials,,,,
ARF,Arena REIT,Real Estate,,,,
ARG,Argo Investments Ltd,,,,,
ARL,Ardea Resources Ltd,Materials,,,,
ARM,Aurora Minerals Ltd,Materials,,,,
ARN,Aldoro Resources Ltd,Materials,,,,
ARO,Astro Resources NL,Materials,,,,
ARQ,ARQ Group Ltd,Information Technology,,,,
ARS,Alt Resources Ltd,Materials,,,,
ARU,Arafura Resources Ltd,Materials,,,,
ARV,Artemis Resources Ltd,Materials,,,,
AS1,Angel Seafood Holdings Ltd,Consumer Staples,,,,
ASB,Austal Ltd,Industrials,,,,
ASG,Autosports Group Ltd,Consumer Discretionary,,,,
ASH,Ashley Services Group Ltd,Industrials,,,,
ASIA,Betashares Asia Technology Tigers ETF,,,,,
ASN,Anson Resources Ltd,Materials,,,,
ASP,Aspermont Ltd,Communication Services,,,,
ASQ,Australian Silica Quartz Group Ltd,Materials,,,,
AST,Ausnet Services Ltd,Utilities,,,,
ASW,Advanced Share Registry Ltd,Financials,,,,
ASX,ASX Ltd,Financials,,,,
AT1,Atomo Diagnostics Ltd,,,,,
ATC,Altech Chemicals Ltd,Materials,,,,
ATEC,Betashares S&P/ASX Australian Technology ETF,,,,,
ATH,Alterity Therapeutics Ltd,Health Care,,,,
ATL,Apollo Tourism & Leisure Ltd,Consumer Discretionary,,,,
ATM,Aneka Tambang (Persero) TBK (PT),Materials,,,,
ATP,Atlas Pearls Ltd,Consumer Discretionary,,,,
ATR,Astron Corporation Ltd,Materials,,,,
ATS,Australis Oil & Gas Ltd,Energy,,,,
ATU,Atrum Coal Ltd,Materials,,,,
ATX,Amplia Therapeutics Ltd,Health Care,,,,
AU1,The Agency Group Australia Ltd,Real Estate,,,,
AU8,Aumake International Ltd,Consumer Discretionary,,,,
AUB,AUB Group Ltd,Financials,,,,
AUC,Ausgold Ltd,Materials,,,,
AUDS,Betashares Strong Australian Dollar Fund (Hedge Fund),,,,,
AUH,Austchina Holdings Ltd,Energy,,,,
AUI,Australian United Investment Company Ltd,,,,,
AUL,Austar Gold Ltd,Materials,,,,
AUMF,Ishares Edge MSCI Australia Multifactor ETF,,,,,
AUP,Aurora Property Buy-Write Income Trust,,,,,
AUQ,Alara Resources Ltd,Materials,,,,
AUR,Auris Minerals Ltd,Materials,,,,
AUST,Betashares Managed Risk Australian Share Fund,,,,,
AUT,Auteco Minerals Ltd,Materials,,,,
AUZ,Australian Mines Ltd,Materials,,,,
AV1,Adveritas Ltd,Information Technology,,,,
AVA,AVA Risk Group Ltd,Information Technology,,,,
AVC,Auctus Alternative Investments Ltd,Financials,,,,
AVE,Avecho Biotechnology Ltd,Health Care,,,,
AVG,Australian Vintage Ltd,Consumer Staples,,,,
AVH,Avita Medical Ltd,Health Care,,,,
AVJ,Avjennings Ltd,Real Estate,,,,
AVL,Australian Vanadium Ltd,Materials,,,,
AVN,Aventus Group,Real Estate,,,,
AVQ,Axiom Mining Ltd,Materials,,,,
AVW,Avira Resources Ltd,Materials,,,,
AVZ,AVZ Minerals Ltd,Materials,,,,
AWC,Alumina Ltd,Materials,,,,
AWN,Arowana International Ltd,Industrials,,,,
AWV,Anova Metals Ltd,Materials,,,,
AWY,Australian Whisky Holdings Ltd,Consumer Staples,,,,
AX1,Accent Group Ltd,Consumer Discretionary,,,,
AX8,Accelerate Resources Ltd,Materials,,,,
AXE,Archer Materials Ltd,Materials,,,,
AXI,Axiom Properties Ltd,Real Estate,,,,
AXT,Argo Exploration Ltd,Materials,,,,
AYF,Australian Enhanced Income Fund,,,,,
AYI,A1 Investments & Resources Ltd,Financials,,,,
AYM,Australia United Mining Ltd,Materials,,,,
AYR,Alloy Resources Ltd,Materials,,,,
AYS,Amaysim Australia Ltd,,,,,
AZI,Alta ZINC Ltd,Materials,,,,
AZJ,Aurizon Holdings Ltd,Industrials,,,,
AZS,AZURE Minerals Ltd,Materials,,,,
AZT,AZURE Health Tech,Information Technology,,,,
AZV,AZURE Healthcare Ltd,Health Care,,,,
AZY,Antipa Minerals Ltd,Materials,,,,
B2Y,Bounty Mining Ltd,Materials,,,,
BAF,Blue Sky Alternatives Access Fund Ltd,,,,,
BAP,Bapcor Ltd,Consumer Discretionary,,,,
BAR,Barra Resources Ltd,Materials,,,,
BAS,Bass Oil Ltd,Energy,,,,
BAT,Battery Minerals Ltd,Materials,,,,
BBC,BNK Banking Corporation Ltd,Financials,,,,
BBL,Brisbane Broncos Ltd,Communication Services,,,,
BBN,Baby Bunting Group Ltd,Consumer Discretionary,,,,
BBOZ,Betashares Australian Equities Strongbearhedgefund,,,,,
BBUS,Betashares US EQ Strong Bear Hdge FND-CRNCY Hdged,,,,,
BBX,BBX Minerals Ltd,Materials,,,,
BC8,Black Cat Syndicate Ltd,Materials,,,,
BCB,Bowen Coking Coal Ltd,Materials,,,,
BCC,Beam Communications Holdings Ltd,Information Technology,,,,
BCI,BCI Minerals Ltd,Materials,,,,
BCK,Brockman Mining Ltd,Materials,,,,
BCL,Bunji Corporation Ltd,Energy,,,,
BCN,Beacon Minerals Ltd,Materials,,,,
BCT,Bluechiip Ltd,Information Technology,,,,
BD1,BARD1 Life Sciences Ltd,Health Care,,,,
BDA,Bod Australia Ltd,Consumer Discretionary,,,,
BDC,Bardoc Gold Ltd,Materials,,,,
BDG,Black Dragon Gold Corp,Materials,,,,
BDI,Blina Minerals NL,Materials,,,,
BEAR,Betashares Australian Equities Bear Hedge Fund,,,,,
BEE,Broo Ltd,Consumer Staples,,,,
BEL,Bentley Capital Ltd,,,,,
BEM,Blackearth Minerals NL,Materials,,,,
BEN,Bendigo and Adelaide Bank Ltd,Financials,,,,
BET,Betmakers Technology Group Ltd,Consumer Discretionary,,,,
BFC,Beston Global Food Company Ltd,Consumer Staples,,,,
BFG,Bell Financial Group Ltd,Financials,,,,
BGA,Bega Cheese Ltd,Consumer Staples,,,,
BGL,Bellevue Gold Ltd,Materials,,,,
BGP,Briscoe Group Australasia Ltd,Consumer Discretionary,,,,
BGT,Bio-Gene Technology Ltd,Materials,,,,
BHD,Benjamin Hornigold Ltd,,,,,
BHL,Boyuan Holdings Ltd,Real Estate,,,,
BHP,BHP Group Ltd,Materials,,,,
BID,Bidenergy Ltd,Information Technology,,,,
BILL,Ishares Core Cash ETF,,,,,
BIN,Bingo Industries Ltd,Industrials,,,,
BIQ,"Buildingiq, Inc",Information Technology,,,,
BIR,BIR Financial Ltd,Financials,,,,
BIS,Bisalloy Steel Group Ltd,Materials,,,,
BIT,Biotron Ltd,Health Care,,,,
BKI,BKI Investment Company Ltd,,,,,
BKL,Blackmores Ltd,Consumer Staples,,,,
BKT,Black Rock Mining Ltd,Materials,,,,
BKW,Brickworks Ltd,Materials,,,,
BKY,Berkeley Energia Ltd,Energy,,,,
BLA,Blue Sky Alternative Investments Ltd,Financials,,,,
BLD,Boral Ltd,Materials,,,,
BLG,Bluglass Ltd,Information Technology,,,,
BLK,Blackham Resources Ltd,Materials,,,,
BLU,Blue Energy Ltd,Energy,,,,
BLV,Blossomvale Holdings Ltd,Energy,,,,
BLX,Beacon Lighting Group Ltd,Consumer Discretionary,,,,
BLY,Boart Longyear Ltd,Materials,,,,
BLZ,BLAZE International Ltd,Energy,,,,
BMG,BMG Resources Ltd,Materials,,,,
BMH,Baumart Holdings Ltd,Industrials,,,,
BMN,Bannerman Resources Ltd,Energy,,,,
BNDS,Betashares Legg Mason Australian Bond Fund (Managed Fund),,,,,
BNKS,Betashares Global Banks ETF - Currency Hedged,,,,,
BNL,Big Star Energy Ltd,Energy,,,,
BNO,Bionomics Ltd,Health Care,,,,
BNR,Bulletin Resources Ltd,Materials,,,,
BOA,Boadicea Resources Ltd,Materials,,,,
BOC,Bougainville Copper Ltd,Materials,,,,
BOE,Boss Resources Ltd,Materials,,,,
BOL,Boom Logistics Ltd,Industrials,,,,
BOND,SPDR S&P/ASX Australian Bond Fund,,,,,
BOQ,Bank of Queensland Ltd,Financials,,,,
BOT,Botanix Pharmaceuticals Ltd,Health Care,,,,
BPH,BPH Energy Ltd,Health Care,,,,
BPL,Broken Hill Prospecting Ltd,Materials,,,,
BPP,Babylon Pump & Power Ltd,Industrials,,,,
BPT,Beach Energy Ltd,Energy,,,,
BRB,Breaker Resources NL,Materials,,,,
BRG,Breville Group Ltd,Consumer Discretionary,,,,
BRI,Big River Industries Ltd,Materials,,,,
BRK,Brookside Energy Ltd,Energy,,,,
BRL,Bathurst Resources Ltd,Materials,,,,
BRN,Brainchip Holdings Ltd,Information Technology,,,,
BRU,Buru Energy Ltd,Energy,,,,
BRV,Big River Gold Ltd,Materials,,,,
BSA,BSA Ltd,Industrials,,,,
BSE,Base Resources Ltd,Materials,,,,
BSL,Bluescope Steel Ltd,Materials,,,,
BSM,Bass Metals Ltd,Materials,,,,
BSP,Black Star Petroleum Ltd,Energy,,,,
BSR,Bassari Resources Ltd,Materials,,,,
BSX,Blackstone Minerals Ltd,Materials,,,,
BTC,BTC Health Ltd,,,,,
BTH,Bigtincan Holdings Ltd,Information Technology,,,,
BTI,Bailador Technology Investments Ltd,Financials,,,,
BUB,Bubs Australia Ltd,Consumer Staples,,,,
BUD,Buddy Technologies Ltd,Information Technology,,,,
BUG,Buderim Group Ltd,Consumer Staples,,,,
BUX,Buxton Resources Ltd,Materials,,,,
BUY,Bounty Oil & Gas NL,Energy,,,,
BVS,Bravura Solutions Ltd,Information Technology,,,,
BWF,Blackwall Ltd,Financials,,,,
BWP,BWP Trust,Real Estate,,,,
BWR,Blackwall Property Trust,Real Estate,,,,
BWX,BWX Ltd,Consumer Staples,,,,
BXB,Brambles Ltd,Industrials,,,,
BXN,Bioxyne Ltd,Consumer Staples,,,,
BYE,Byron Energy Ltd,Energy,,,,
BYH,Bryah Resources Ltd,Materials,,,,
BYI,Beyond International Ltd,Communication Services,,,,
C6C,Copper Mountain Mining Corporation,Materials,,,,
CA8,Coassets Ltd,Financials,,,,
CAA,Capral Ltd,Materials,,,,
CAD,Caeneus Minerals Ltd,Materials,,,,
CAE,Cannindah Resources Ltd,Materials,,,,
CAF,Centrepoint Alliance Ltd,Financials,,,,
CAG,Cape Range Ltd,Information Technology,,,,
CAI,Calidus Resources Ltd,Materials,,,,
CAJ,Capitol Health Ltd,Health Care,,,,
CAM,Clime Capital Ltd,,,,,
CAN,Cann Group Ltd,Health Care,,,,
CAP,Carpentaria Resources Ltd,Materials,,,,
CAQ,CAQ Holdings Ltd,Real Estate,,,,
CAR,Carsales.com Ltd,Communication Services,,,,
CAT,Catapult Group International Ltd,Information Technology,,,,
CAU,Cronos Australia Ltd,Health Care,,,,
CAV,Carnavale Resources Ltd,Materials,,,,
CAY,Canyon Resources Ltd,Materials,,,,
CAZ,Cazaly Resources Ltd,Materials,,,,
CBA,Commonwealth Bank of Australia,Financials,,,,
CBE,Cobre Ltd,Materials,,,,
CBR,Carbon Revolution Ltd,Consumer Discretionary,,,,
CBY,Canterbury Resources Ltd,Materials,,,,
CCA,Change Financial Ltd,Information Technology,,,,
CCE,Carnegie Clean Energy Ltd,Utilities,,,,
CCG,Commschoice Group Ltd,Information Technology,,,,
CCJ,County International Ltd,Energy,,,,
CCL,Coca-Cola Amatil Ltd,Consumer Staples,,,,
CCP,Credit Corp Group Ltd,Financials,,,,
CCV,Cash Converters International,Financials,,,,
CCX,City Chic Collective Ltd,Consumer Discretionary,,,,
CCZ,Castillo Copper Ltd,Materials,,,,
CD1,Cordish Dixon Private Equity Fund I,,,,,
CD2,Cordish Dixon Private Equity Fund Ii,,,,,
CD3,Cordish Dixon Private Equity Fund Iii,,,,,
CDA,Codan Ltd,Information Technology,,,,
CDD,Cardno Ltd,Industrials,,,,
CDH,Chongherr Investments Ltd,Materials,,,,
CDM,Cadence Capital Ltd,,,,,
CDP,Carindale Property Trust,Real Estate,,,,
CDT,Castle Minerals Ltd,Materials,,,,
CDV,Cardinal Resources Ltd,Materials,,,,
CDX,Cardiex Ltd,Health Care,,,,
CDY,Cellmid Ltd,Health Care,,,,
CE1,Calima Energy Ltd,Energy,,,,
CEL,Challenger Exploration Ltd,Energy,,,,
CEN,Contact Energy Ltd,Utilities,,,,
CETF,Vaneck Vectors Ftse China A50 ETF,,,,,
CFE,Cape Lambert Resources Ltd,Materials,,,,
CFO,Cfoam Ltd,Industrials,,,,
CG1,Carbonxt Group Ltd,Materials,,,,
CGA,Contango Asset Management Ltd,Financials,,,,
CGB,Cann Global Ltd,Health Care,,,,
CGC,Costa Group Holdings Ltd,Consumer Staples,,,,
CGF,Challenger Ltd,Financials,,,,
CGL,The Citadel Group Ltd,Information Technology,,,,
CGM,Cougar Metals NL,Materials,,,,
CGN,Crater Gold Mining Ltd,Materials,,,,
CGO,CPT Global Ltd,Information Technology,,,,
CGR,CML Group Ltd,Financials,,,,
CGS,Cogstate Ltd,Health Care,,,,
CHC,Charter Hall Group,Real Estate,,,,
CHK,Cohiba Minerals Ltd,Materials,,,,
CHN,Chalice Gold Mines Ltd,Materials,,,,
CHZ,Chesser Resources Ltd,Materials,,,,
CI1,Credit Intelligence Ltd,Industrials,,,,
CIA,Champion Iron Ltd,Materials,,,,
CIE,Contango Income Generator Ltd,,,,,
CII,Ci Resources Ltd,Materials,,,,
CIM,Cimic Group Ltd,Industrials,,,,
CIN,Carlton Investments Ltd,,,,,
CINPA,Carlton Investments Ltd,Financials,,,,
CIO,Connected Io Ltd,Information Technology,,,,
CIP,Centuria Industrial REIT,Real Estate,,,,
CIW,Clime Investment Management Ltd,Financials,,,,
CKA,Cokal Ltd,Materials,,,,
CKF,Collins Foods Ltd,Consumer Discretionary,,,,
CL1,Class Ltd,Information Technology,,,,
CL8,Collaborate Corporation Ltd,Consumer Discretionary,,,,
CLA,Celsius Resources Ltd,Materials,,,,
CLB,Candy Club Holdings Ltd,Consumer Staples,,,,
CLF,Concentrated Leaders Fund Ltd,,,,,
CLH,Collection House Ltd,Financials,,,,
CLI,Croplogic Ltd,Industrials,,,,
CLQ,Clean TEQ Holdings Ltd,Industrials,,,,
CLT,Cellnet Group Ltd,Information Technology,,,,
CLV,Clover Corporation Ltd,Materials,,,,
CLW,Charter Hall Long Wale REIT,Real Estate,,,,
CLX,Cti Logistics Ltd,Industrials,,,,
CLZ,Classic Minerals Ltd,Materials,,,,
CM1,Coolgardie Minerals Ltd,Materials,,,,
CM8,Crowd Media Holdings Ltd,Communication Services,,,,
CMC,China Magnesium Corporation Ltd,Materials,,,,
CMD,Cassius Mining Ltd,Materials,,,,
CML,Chase Mining Corporation Ltd,Materials,,,,
CMM,Capricorn Metals Ltd,Materials,,,,
CMP,Compumedics Ltd,Health Care,,,,
CMW,Cromwell Property Group,Real Estate,,,,
CNB,Carnaby Resources Ltd,Materials,,,,
CNEW,Vaneck Vectors China New Economy ETF,,,,,
CNI,Centuria Capital Group,Financials,,,,
CNJ,Conico Ltd,Materials,,,,
CNL,Celamin Holdings Ltd,Materials,,,,
CNU,Chorus Ltd,,,,,
CNW,Cirrus Networks Holdings Ltd,Information Technology,,,,
COB,Cobalt Blue Holdings Ltd,Materials,,,,
COE,Cooper Energy Ltd,Energy,,,,
COF,Centuria Office REIT,Real Estate,,,,
COG,Consolidated Operations Group Ltd,Financials,,,,
COH,Cochlear Ltd,Health Care,,,,
COI,Comet Ridge Ltd,Energy,,,,
COL,Coles Group Ltd,Consumer Staples,,,,
COO,Corum Group Ltd,Information Technology,,,,
CORE,ETFs Global Core Infrastructure ETF,,,,,
COS,Cosol Ltd,Information Technology,,,,
COY,Coppermoly Ltd,Materials,,,,
CP1,Cannpal Animal Therapeutics Ltd,Health Care,,,,
CPH,Creso Pharma Ltd,Health Care,,,,
CPT,Cipherpoint Ltd,Information Technology,,,,
CPU,Computershare Ltd,Information Technology,,,,
CPV,Clearvue Technologies Ltd,Industrials,,,,
CQE,Charter Hall Social Infrastructure REIT,Real Estate,,,,
CQR,Charter Hall Retail REIT,Real Estate,,,,
CR1,Constellation Resources Ltd,Materials,,,,
CRB,Carbine Resources Ltd,Materials,,,,
CRED,Betashares Australian Investment Grade Corporate Bond ETF,,,,,
CRL,Comet Resources Ltd,Materials,,,,
CRM,Carbon Minerals Ltd,Energy,,,,
CRN,Coronado Global Resources Inc,Materials,,,,
CRO,Cirralto Ltd,Information Technology,,,,
CRS,Caprice Resources Ltd,Materials,,,,
CSD,Consolidated Tin Mines Ltd,Materials,,,,
CSE,Copper Strike Ltd,Materials,,,,
CSL,CSL Ltd,Health Care,,,,
CSR,CSR Ltd,Materials,,,,
CSS,Clean Seas Seafood Ltd,Consumer Staples,,,,
CST,Castile Resources Ltd,Materials,,,,
CT1,CCP Technologies Ltd,Information Technology,,,,
CTD,Corporate Travel Management Ltd,Consumer Discretionary,,,,
CTE,Cryosite Ltd,Health Care,,,,
CTM,Centaurus Metals Ltd,Materials,,,,
CTO,Citigold Corporation Ltd,Materials,,,,
CTP,Central Petroleum Ltd,Energy,,,,
CTX,Caltex Australia Ltd,Energy,,,,
CUE,CUE Energy Resources Ltd,Energy,,,,
CUL,Cullen Resources Ltd,Materials,,,,
CUP,Countplus Ltd,Industrials,,,,
CURE,ETFs S&P Biotech ETF,,,,,
CUV,Clinuvel Pharmaceuticals Ltd,Health Care,,,,
CUX,Crossland Strategic Metals Ltd,Materials,,,,
CV1,CV Check Ltd,Information Technology,,,,
CVC,CVC Ltd,Financials,,,,
CVF,Contrarian Value Fund Ltd,,,,,
CVL,Civmec Ltd,Industrials,,,,
CVN,Carnarvon Petroleum Ltd,Energy,,,,
CVS,Cervantes Corporation Ltd,Materials,,,,
CVV,Caravel Minerals Ltd,Materials,,,,
CVW,Clearview Wealth Ltd,Financials,,,,
CWL,Chant West Holdings Ltd,Information Technology,,,,
CWN,Crown Resorts Ltd,Consumer Discretionary,,,,
CWP,Cedar Woods Properties Ltd,Real Estate,,,,
CWX,Carawine Resources Ltd,Materials,,,,
CWY,Cleanaway Waste Management Ltd,Industrials,,,,
CWZ,Cashwerkz Ltd,Financials,,,,
CXL,CALIX Ltd,Materials,,,,
CXM,Centrex Metals Ltd,Materials,,,,
CXO,Core Lithium Ltd,Materials,,,,
CXU,Cauldron Energy Ltd,Energy,,,,
CXX,Cradle Resources Ltd,Materials,,,,
CXZ,Connexion Telematics Ltd,Information Technology,,,,
CY5,CYGNUS Gold Ltd,Materials,,,,
CYC,Cyclopharm Ltd,Health Care,,,,
CYG,Coventry Group Ltd,Industrials,,,,
CYL,Catalyst Metals Ltd,Materials,,,,
CYM,Cyprium Metals Ltd,Materials,,,,
CYP,Cynata Therapeutics Ltd,Health Care,,,,
CYQ,CYCLIQ Group Ltd,Consumer Discretionary,,,,
CZI,Cassini Resources Ltd,Materials,,,,
CZL,Consolidated ZINC Ltd,Materials,,,,
CZN,Corazon Mining Ltd,Materials,,,,
CZR,Coziron Resources Ltd,Materials,,,,
D13,Delaware Thirteen Ltd,Industrials,,,,
D2O,Duxton Water Ltd,,,,,
DAF,Discovery Africa Ltd,Materials,,,,
DAU,Dampier Gold Ltd,Materials,,,,
DAV,Davenport Resources Ltd,Materials,,,,
DBBF,Betashares Diversified Balanced ETF,,,,,
DBF,Duxton Broadacre Farms Ltd,Consumer Staples,,,,
DCC,Digitalx Ltd,Information Technology,,,,
DCG,Decmil Group Ltd,Industrials,,,,
DCL,Domacom Ltd,Financials,,,,
DCN,Dacian Gold Ltd,Materials,,,,
DCX,Discovex Resources Ltd,Materials,,,,
DDD,3D Resources Ltd,Materials,,,,
DDR,Dicker Data Ltd,Information Technology,,,,
DDT,Datadot Technology Ltd,Consumer Discretionary,,,,
DEG,De Grey Mining Ltd,Materials,,,,
DEM,De.Mem Ltd,Utilities,,,,
DEV,DEVEX Resources Ltd,Energy,,,,
DFM,Dongfang Modern Agriculture Holding Group Ltd,Consumer Staples,,,,
DGGF,Betashares Diversified Growth ETF,,,,,
DGH,Desane Group Holdings Ltd,Real Estate,,,,
DGO,DGO Gold Ltd,Materials,,,,
DGR,DGR Global Ltd,Materials,,,,
DHG,Domain Holdings Australia Ltd,Communication Services,,,,
DHHF,Betashares Diversified High Growth ETF,,,,,
DHR,Dark Horse Resources Ltd,Materials,,,,
DIV,Ubs IQ Morningstar Australia Dividend Yield ETF,,,,,
DJRE,SPDR Dow Jones Global Real Estate Fund,,,,,
DJW,Djerriwarrh Investments Ltd,,,,,
DKM,Duketon Mining Ltd,Materials,,,,
DLC,Delecta Ltd,Consumer Discretionary,,,,
DME,Dome Gold Mines Ltd,Materials,,,,
DMG,Dragon Mountain Gold Ltd,Materials,,,,
DMKT,AMP Capital Dynamic Markets Fund (Hedge Fund),,,,,
DMP,Domino's PIZZA Enterprises Ltd,Consumer Discretionary,,,,
DNA,Donaco International Ltd,Consumer Discretionary,,,,
DNK,Danakali Ltd,Materials,,,,
DOR,Doriemus Plc,Energy,,,,
DOW,Downer Edi Ltd,Industrials,,,,
DRE,Dreadnought Resources Ltd,Materials,,,,
DRO,Droneshield Ltd,Industrials,,,,
DRUG,Betashares Global Healthcare ETF - Currency Hedged,,,,,
DRX,Diatreme Resources Ltd,Materials,,,,
DSE,Dropsuite Ltd,Information Technology,,,,
DTC,Damstra Holdings Ltd,Information Technology,,,,
DTI,DTI Group Ltd,Information Technology,,,,
DTL,Data#3 Ltd,Information Technology,,,,
DTM,Dart Mining NL,Materials,,,,
DTR,Dateline Resources Ltd,Materials,,,,
DTS,Dragontail Systems Ltd,Information Technology,,,,
DTZ,DOTZ Nano Ltd,Information Technology,,,,
DUB,Dubber Corporation Ltd,Information Technology,,,,
DUI,Diversified United Investment Ltd,,,,,
DVL,Dorsavi Ltd,Health Care,,,,
DVN,Devine Ltd,Real Estate,,,,
DW8,Digital Wine Ventures Ltd,Consumer Discretionary,,,,
DWS,DWS Ltd,Information Technology,,,,
DXB,Dimerix Ltd,Health Care,,,,
DXN,DXN Ltd,Information Technology,,,,
DXS,Dexus,Real Estate,,,,
DYL,Deep Yellow Ltd,Energy,,,,
DZZF,Betashares Diversified Conservative Income ETF,,,,,
E25,Element 25 Ltd,Materials,,,,
E2E,Eon NRG Ltd,Energy,,,,
E2M,E2 Metals Ltd,Materials,,,,
EAF,Evans & Partners Asia Fund,,,,,
EAI,Ellerston Asian Investments Ltd,,,,,
EAS,Easton Investments Ltd,Financials,,,,
EAX,Energy Action Ltd,Industrials,,,,
EBG,Eumundi Group Ltd,Consumer Discretionary,,,,
EBND,Vaneck Emerging Inc Opportunities Active ETF (Managed Fund),,,,,
EBO,Ebos Group Ltd,Health Care,,,,
ECF,Elanor Commercial Property Fund,Real Estate,,,,
ECG,Ecargo Holdings Ltd,Industrials,,,,
ECL,Excelsior Capital Ltd,Industrials,,,,
ECP,ECP Emerging Growth Ltd,,,,,
ECS,ECS Botanics Holdings Ltd,Health Care,,,,
ECT,Environmental Clean Technologies Ltd,Industrials,,,,
ECX,Eclipx Group Ltd,Financials,,,,
ED1,Evans Dixon Ltd,Financials,,,,
EDC,Eildon Capital Fund,Financials,,,,
EDE,Eden Innovations Ltd,Energy,,,,
EEG,Empire Energy Group Ltd,Energy,,,,
EER,East Energy Resources Ltd,Energy,,,,
EEU,Betashares Euro ETF,,,,,
EFE,Eastern Iron Ltd,Materials,,,,
EFF,Evans & Partners Australian Flagship Fund,,,,,
EGD,Evans & Partners Global Disruption Fund,,,,,
EGF,Evans & Partners Global Flagship Fund,,,,,
EGG,Enero Group Ltd,Communication Services,,,,
EGH,Eureka Group Holdings Ltd,Real Estate,,,,
EGI,Ellerston Global Investments Ltd,,,,,
EGL,Environmental Group Ltd (the),Industrials,,,,
EGN,Engenco Ltd,Industrials,,,,
EGO,Empire Oil & Gas NL,Energy,,,,
EGR,Ecograf Ltd,Materials,,,,
EGY,Energy Technologies Ltd,Industrials,,,,
EHE,Estia Health Ltd,Health Care,,,,
EHH,Eagle Health Holdings Ltd,Consumer Staples,,,,
EHL,Emeco Holdings Ltd,Industrials,,,,
EHX,Ehr Resources Ltd,Materials,,,,
EIGA,Einvest Income Generator Fund (Managed Fund),,,,,
EINC,Betashares Legg Mason Equity Income Fund (Managed Fund),,,,,
ELD,Elders Ltd,Consumer Staples,,,,
ELE,Elmore Ltd,Materials,,,,
ELO,Elmo Software Ltd,Information Technology,,,,
ELS,Elsight Ltd,Information Technology,,,,
ELT,Elementos Ltd,Materials,,,,
ELX,ELLEX Medical Lasers Ltd,Health Care,,,,
EM1,Emerge Gaming Ltd,Communication Services,,,,
EM2,Eagle Mountain Mining Ltd,Materials,,,,
EMB,Embelton Ltd,Industrials,,,,
EMD,Emerald Clinics Ltd,Health Care,,,,
EME,Energy Metals Ltd,Energy,,,,
EMH,European Metals Holdings Ltd,Materials,,,,
EMKT,Vaneck Vectors MSCI Multifactor Emerging Markets Equity ETF,,,,,
EML,EML Payments Ltd,Information Technology,,,,
EMMG,Betashares Legg Mason Emerging Markets Fund (Managed Fund),,,,,
EMN,Euro Manganese Inc,Materials,,,,
EMP,Emperor Energy Ltd,Energy,,,,
EMR,Emerald Resources NL,Materials,,,,
EMT,Emetals Ltd,,,,,
EMU,EMU NL,Materials,,,,
EMUCA,EMU NL,,,,,
EMV,Emvision Medical Devices Ltd,Health Care,,,,
EN1,Engage:BDR Ltd,Communication Services,,,,
ENA,Ensurance Ltd,Financials,,,,
ENB,Eneabba Gas Ltd,Utilities,,,,
ENE,Enevis Ltd,Industrials,,,,
ENN,Elanor Investors Group,Consumer Discretionary,,,,
ENR,Encounter Resources Ltd,Materials,,,,
ENT,Enterprise Metals Ltd,Materials,,,,
ENX,Enegex Ltd,Energy,,,,
EOF,Ecofibre Ltd,Health Care,,,,
EOL,Energy One Ltd,Information Technology,,,,
EOR,EOR Group Ltd,Energy,,,,
EOS,Electro Optic Systems Holdings Ltd,Industrials,,,,
EPD,Empired Ltd,Information Technology,,,,
EPM,Eclipse Metals Ltd,Energy,,,,
EQE,EQUUS Mining Ltd,Materials,,,,
EQT,EQT Holdings Ltd,Financials,,,,
EQX,Equatorial Resources Ltd,Materials,,,,
ERA,Energy Resources of Australia Ltd,Energy,,,,
ERF,Elanor Retail Property Fund,Real Estate,,,,
ERG,Eneco Refresh Ltd,Consumer Staples,,,,
ERL,Empire Resources Ltd,Materials,,,,
ERM,Emmerson Resources Ltd,Materials,,,,
ERX,Exore Resources Ltd,Materials,,,,
ESE,Esense-Lab Ltd,Health Care,,,,
ESGI,Vaneck Vectors MSCI International Sustainable Equity ETF,,,,,
ESH,Esports Mogul Ltd,Communication Services,,,,
ESK,Etherstack Plc,Information Technology,,,,
ESL,Eco Systems Ltd,Real Estate,,,,
ESR,Estrella Resources Ltd,Materials,,,,
ESTX,ETFs Euro STOXX 50 ETF,,,,,
ETF,Ubs IQ Morningstar Australia Quality ETF,,,,,
ETHI,Betashares Global Sustainability Leaders ETF,,,,,
ETPMAG,ETFs Group,,,,,
ETPMPD,ETFs Group,,,,,
ETPMPM,ETFs Group,,,,,
ETPMPT,ETFs Group,,,,,
EUC,European Cobalt Ltd,Materials,,,,
EUR,European Lithium Ltd,Materials,,,,
EVE,EVE Investments Ltd,Financials,,,,
EVN,Evolution Mining Ltd,Materials,,,,
EVO,Evolve Education Group Ltd,Consumer Discretionary,,,,
EVS,Envirosuite Ltd,Information Technology,,,,
EVT,Event Hospitality and Entertainment Ltd,Communication Services,,,,
EVZ,EVZ Ltd,Industrials,,,,
EWC,Energy World Corporation Ltd,Utilities,,,,
EX1,Exopharm Ltd,Health Care,,,,
EX20,Betashares Australian Ex-20 Portfolio Diversifier ETF,,,,,
EXL,Elixinol Global Ltd,Consumer Staples,,,,
EXO,ENNOX Group Ltd,Financials,,,,
EXP,Experience Co Ltd,Consumer Discretionary,,,,
EXR,Elixir Energy Ltd,Energy,,,,
EZL,EUROZ Ltd,Financials,,,,
F100,Betashares Ftse 100 ETF,,,,,
FAIR,Betashares Australian Sustainability Leaders ETF,,,,,
FAM,Family Insights Group Ltd,Information Technology,,,,
FANG,ETFs Fang+ ETF,,,,,
FAR,FAR Ltd,Energy,,,,
FAU,First Au Ltd,Materials,,,,
FBR,FBR Ltd,Industrials,,,,
FBU,Fletcher Building Ltd,Materials,,,,
FCG,Frontier Capital Group Ltd,Consumer Discretionary,,,,
FCL,Fineos Corporation Holdings Plc,Information Technology,,,,
FCT,Firstwave Cloud Technology Ltd,Information Technology,,,,
FDM,Freedom Oil and Gas Ltd,Energy,,,,
FDV,Frontier Digital Ventures Ltd,Communication Services,,,,
FDX,Frontier Diamonds Ltd,Materials,,,,
FE8,Faster Enterprises Ltd,Real Estate,,,,
FEI,Fe Investments Group Ltd,Financials,,,,
FEL,Fe Ltd,Materials,,,,
FEMX,Fidelity Global Emerging Markets Fund (Managed Fund),,,,,
FEX,FENIX Resources Ltd,Materials,,,,
FFC,Farmaforce Ltd,Health Care,,,,
FFG,Fatfish Blockchain Ltd,Financials,,,,
FFI,FFI Holdings Ltd,Consumer Staples,,,,
FFL,Founders First Ltd,Consumer Staples,,,,
FFR,Firefly Resources Ltd,Materials,,,,
FGG,Future Generation Global Investment Company Ltd,,,,,
FGO,Flamingo Ai Ltd,Information Technology,,,,
FGR,First Graphene Ltd,Materials,,,,
FGX,Future Generation Investment Company Ltd,,,,,
FHS,Freehill Mining Ltd,Materials,,,,
FID,Fiducian Group Ltd,Financials,,,,
FIG,Freedom Insurance Group Ltd,Financials,,,,
FIJ,Fiji Kava Ltd,Consumer Staples,,,,
FIN,FIN Resources Ltd,Materials,,,,
FLC,Fluence Corporation Ltd,Industrials,,,,
FLN,Freelancer Ltd,Industrials,,,,
FLOT,Vaneck Vectors Australian Floating Rate ETF,,,,,
FLT,Flight Centre Travel Group Ltd,Consumer Discretionary,,,,
FMG,Fortescue Metals Group Ltd,Materials,,,,
FML,Focus Minerals Ltd,Materials,,,,
FMS,Flinders Mines Ltd,Materials,,,,
FNP,Freedom Foods Group Ltd,Consumer Staples,,,,
FNT,Frontier Resources Ltd,Materials,,,,
FOD,The Food Revolution Group Ltd,Consumer Staples,,,,
FOOD,Betashares Global Agriculture ETF - Currency Hedged,,,,,
FOR,Forager Australian Shares Fund,,,,,
FPC,Fat Prophets Global Contrarian Fund Ltd,,,,,
FPH,Fisher & Paykel Healthcare Corporation Ltd,Health Care,,,,
FPL,Fremont Petroleum Corporation Ltd,Energy,,,,
FPP,Fat Prophets Global Property Fund,,,,,
FRI,Finbar Group Ltd,Real Estate,,,,
FRM,Farm Pride Foods Ltd,Consumer Staples,,,,
FRN,Fraser Range Metals Group Ltd,Materials,,,,
FRX,Flexiroam Ltd,,,,,
FSA,FSA Group Ltd,Financials,,,,
FSF,Fonterra Shareholders' Fund,Consumer Staples,,,,
FSG,Field Solutions Holdings Ltd,,,,,
FSI,Flagship Investments Ltd,,,,,
FTC,Fintech Chain Ltd,Information Technology,,,,
FTT,Factor Therapeutics Ltd,Health Care,,,,
FTZ,Fertoz Ltd,Materials,,,,
FUEL,Betashares Global Energy Companies ETF - Currency Hedged,,,,,
FUN,Funtastic Ltd,Consumer Discretionary,,,,
FWD,Fleetwood Corporation Ltd,Consumer Discretionary,,,,
FXL,Flexigroup Ltd,Financials,,,,
FYI,FYI Resources Ltd,Materials,,,,
FZO,Family ZONE Cyber Safety Ltd,Information Technology,,,,
FZR,Fitzroy River Corporation Ltd,Energy,,,,
G1A,Galena Mining Ltd,Materials,,,,
G88,Golden Mile Resources Ltd,Materials,,,,
GAL,Galileo Mining Ltd,Materials,,,,
GAP,Gale Pacific Ltd,Consumer Discretionary,,,,
GAS,State GAS Ltd,Energy,,,,
GBE,Globe Metals & Mining Ltd,Materials,,,,
GBM,GBM Gold Ltd,Materials,,,,
GBND,Betashares Sustainability Leaders DVRSFD Bond ETF - Cur HDG,,,,,
GBP,Global Petroleum Ltd,Energy,,,,
GBR,Great Boulder Resources Ltd,Materials,,,,
GBZ,GBM Resources Ltd,Materials,,,,
GC1,Glennon Small Companies Ltd,,,,,
GCI,Gryphon Capital Income Trust,,,,,
GCR,Golden Cross Resources Ltd,Materials,,,,
GCY,Gascoyne Resources Ltd,Materials,,,,
GDF,Garda Property Group,Real Estate,,,,
GDG,Generation Development Group Ltd,Financials,,,,
GDI,GDI Property Group,Real Estate,,,,
GDX,Vaneck Vectors Gold Miners ETF,,,,,
GEAR,Betashares Geared Australian Equity Fund (Hedge Fund),,,,,
GED,Golden Deeps Ltd,Materials,,,,
GEM,G8 Education Ltd,Consumer Discretionary,,,,
GES,Genesis Resources Ltd,Materials,,,,
GEV,Global Energy Ventures Ltd,Energy,,,,
GFI,Global Fortune Investment Ltd,Materials,,,,
GFL,Global Masters Fund Ltd,,,,,
GGE,Grand Gulf Energy Ltd,Energy,,,,
GGG,Greenland Minerals Ltd,Materials,,,,
GGUS,Betashares Geared US EQ FND Currency Hdged HDG FND,,,,,
GGX,GAS2GRID Ltd,Energy,,,,
GIB,Gibb River Diamonds Ltd,Materials,,,,
GID,"Gi Dynamics, Inc",Health Care,,,,
GLA,Gladiator Resources Ltd,Materials,,,,
GLB,Globe International Ltd,Consumer Discretionary,,,,
GLE,GLG Corp Ltd,Consumer Discretionary,,,,
GLH,Global Health Ltd,Health Care,,,,
GLIN,AMP Cap Global Infrastructure Sec Fund,,,,,
GLL,Galilee Energy Ltd,Energy,,,,
GLN,Galan Lithium Ltd,Materials,,,,
GLV,Global Oil & Gas Ltd,Energy,,,,
GMA,Genworth Mortgage Insurance Australia Ltd,Financials,,,,
GMC,Gulf Manganese Corporation Ltd,Materials,,,,
GMD,Genesis Minerals Ltd,Materials,,,,
GME,GME Resources Ltd,Materials,,,,
GMG,Goodman Group,Real Estate,,,,
GML,Gateway Mining Ltd,Materials,,,,
GMN,Gold Mountain Ltd,Materials,,,,
GMR,Golden Rim Resources Ltd,Materials,,,,
GMV,G Medical Innovations Holdings Ltd,Health Care,,,,
GNC,Graincorp Ltd,Consumer Staples,,,,
GNE,Genesis Energy Ltd,Utilities,,,,
GNG,GR Engineering Services Ltd,Materials,,,,
GNM,Great Northern Minerals Ltd,Materials,,,,
GNX,GENEX Power Ltd,Utilities,,,,
GO2,The GO2 People Ltd,Industrials,,,,
GOLD,ETFs Metal Securities Australia Ltd,Financials,,,,
GOO,Gooroo Ventures Ltd,Information Technology,,,,
GOR,Gold Road Resources Ltd,Materials,,,,
GOVT,SPDR S&P/ASX Australian Government Bond Fund,,,,,
GOW,Gowing Bros Ltd,Financials,,,,
GOZ,Growthpoint Properties Australia,Real Estate,,,,
GPR,Geopacific Resources Ltd,Materials,,,,
GPS,GPS Alliance Holdings Ltd,Real Estate,,,,
GPT,GPT Group,Real Estate,,,,
GPX,Graphex Mining Ltd,Materials,,,,
GRB,Gage Roads Brewing Co Ltd,Consumer Staples,,,,
GRL,Godolphin Resources Ltd,Materials,,,,
GRNV,Vaneck Vectors MSCI Australian Sustainable Equity ETF,,,,,
GROW,Schroder Real Return Fund (Managed Fund),,,,,
GRR,Grange Resources Ltd,Materials,,,,
GRV,Greenvale Energy Ltd,Energy,,,,
GSM,Golden State Mining Ltd,Materials,,,,
GSN,Great Southern Mining Ltd,Materials,,,,
GSS,Genetic Signatures Ltd,Health Care,,,,
GSW,Getswift Ltd,Information Technology,,,,
GTE,Great Western Exploration Ltd,Materials,,,,
GTG,Genetic Technologies Ltd,Health Care,,,,
GTK,Gentrack Group Ltd,Information Technology,,,,
GTN,GTN Ltd,Communication Services,,,,
GTR,Gti Resources Ltd,Materials,,,,
GUD,G.U.D. Holdings Ltd,Consumer Discretionary,,,,
GUL,Gullewa Ltd,Materials,,,,
GVF,Global Value Fund Ltd,,,,,
GWA,GWA Group Ltd,Industrials,,,,
GWR,GWR Group Ltd,Materials,,,,
GXY,Galaxy Resources Ltd,Materials,,,,
HACK,Betashares Global Cybersecurity ETF,,,,,
HAS,Hastings Technology Metals Ltd,Materials,,,,
HAV,Havilah Resources Ltd,Materials,,,,
HAW,Hawthorn Resources Ltd,Materials,,,,
HBRD,Betashares Active Australian Hybrids Fund (Managed Fund),,,,,
HCD,Hydrocarbon Dynamics Ltd,Energy,,,,
HCH,Hot Chili Ltd,Materials,,,,
HCT,Holista Colltech Ltd,Consumer Staples,,,,
HE8,Helios Energy Ltd,Energy,,,,
HEUR,Betashares Europe ETF-Currency Hedged,,,,,
HFR,Highfield Resources Ltd,Materials,,,,
HGH,Heartland Group Holdings Ltd,Financials,,,,
HGL,Hudson Investment Group Ltd,Real Estate,,,,
HGM,High Grade Metals Ltd,Materials,,,,
HGO,Hillgrove Resources Ltd,Materials,,,,
HHM,Hampton Hill Mining NL,Materials,,,,
HHY,HHY Fund,,,,,
HIL,Hills Ltd,Information Technology,,,,
HIP,Hipo Resources Ltd,Materials,,,,
HIT,Hitech Group Australia Ltd,Industrials,,,,
HJPN,Betashares Japan ETF-Currency Hedged,,,,,
HLA,Healthia Ltd,Health Care,,,,
HLO,Helloworld Travel Ltd,Consumer Discretionary,,,,
HLS,Healius Ltd,Health Care,,,,
HLX,HELIX Resources Ltd,Materials,,,,
HM1,Hearts and Minds Investments Ltd,,,,,
HMC,Home Consortium,Real Estate,,,,
HMD,Heramed Ltd,Health Care,,,,
HMO,Hearmeout Ltd,Information Technology,,,,
HMX,Hammer Metals Ltd,Materials,,,,
HNG,HGL Ltd,Industrials,,,,
HNR,Hannans Ltd,Materials,,,,
HOG,Hawkley Oil and Gas Ltd,Energy,,,,
HOR,Horseshoe Metals Ltd,Materials,,,,
HOT,Hotcopper Holdings Ltd,Communication Services,,,,
HPI,Hotel Property Investments,Real Estate,,,,
HPR,High Peak Royalties Ltd,Energy,,,,
HRL,HRL Holdings Ltd,Industrials,,,,
HRN,Horizon Gold Ltd,Materials,,,,
HRR,Heron Resources Ltd,Materials,,,,
HRZ,Horizon Minerals Ltd,Materials,,,,
HSC,Homestay Care Ltd,Information Technology,,,,
HSN,Hansen Technologies Ltd,Information Technology,,,,
HT1,HT&E Ltd,Communication Services,,,,
HT8,Harris Technology Group Ltd,Consumer Discretionary,,,,
HTA,Hutchison Telecommunications (Australia) Ltd,,,,,
HTG,Harvest Technology Group Ltd,Information Technology,,,,
HUB,HUB24 Ltd,Financials,,,,
HUO,Huon Aquaculture Group Ltd,Consumer Staples,,,,
HVM,Happy Valley Nutrition Ltd,Consumer Staples,,,,
HVN,Harvey Norman Holdings Ltd,Consumer Discretionary,,,,
HVST,Betashares Australian Dividend Harvester Fund (Managed Fund),,,,,
HWH,Houston We Have Ltd,Information Technology,,,,
HWK,Hawkstone Mining Ltd,Materials,,,,
HXG,Hexagon Energy Materials Ltd,Materials,,,,
HYD,HYDRIX Ltd,Information Technology,,,,
HZN,Horizon Oil Ltd,Energy,,,,
HZR,HAZER Group Ltd,Materials,,,,
IAA,Ishares Asia 50 ETF,,,,,
IAF,Ishares Core Composite Bond ETF,,,,,
IAG,Insurance Australia Group Ltd,Financials,,,,
IAM,Intiger Group Ltd,Information Technology,,,,
IAP,Investec Australia Property Fund,Real Estate,,,,
IBC,Ironbark Capital Ltd,,,,,
IBG,Ironbark ZINC Ltd,Materials,,,,
IBX,Imagion Biosystems Ltd,Health Care,,,,
ICE,Icetana Ltd,Information Technology,,,,
ICG,Inca Minerals Ltd,Materials,,,,
ICI,Icandy Interactive Ltd,Communication Services,,,,
ICN,Icon Energy Ltd,Energy,,,,
ICQ,Icar Asia Ltd,Consumer Discretionary,,,,
ICS,Icsglobal Ltd,Health Care,,,,
ICT,Icollege Ltd,Consumer Discretionary,,,,
ICU,Isentric Ltd,Communication Services,,,,
ID8,Identitii Ltd,Information Technology,,,,
IDA,Indiana Resources Ltd,Materials,,,,
IDT,IDT Australia Ltd,Health Care,,,,
IDX,Integral Diagnostics Ltd,Health Care,,,,
IDZ,Indoor Skydive Australia Group Ltd,Consumer Discretionary,,,,
IEC,Intra Energy Corporation Ltd,Energy,,,,
IEL,Idp Education Ltd,Consumer Discretionary,,,,
IEM,Ishares MSCI Emerging Markets ETF,,,,,
IEQ,International Equities Corporation Ltd,Real Estate,,,,
IEU,Ishares Europe ETF,,,,,
IFL,IOOF Holdings Ltd,Financials,,,,
IFM,Infomedia Ltd,Information Technology,,,,
IFN,Infigen Energy,Utilities,,,,
IFRA,Vaneck Vectors Ftse Global Infrastructure (Hedged) ETF,,,,,
IFT,Infratil Ltd,Utilities,,,,
IGB,Ishares Treasury ETF,,,,,
IGE,Integrated Green Energy Solutions Ltd,Industrials,,,,
IGL,Ive Group Ltd,Communication Services,,,,
IGN,Ignite Ltd,Industrials,,,,
IGO,IGO Ltd,Materials,,,,
IHCB,Ishares Core Global Corporate Bond(Aud Hedged) ETF,,,,,
IHD,Ishares S&P/ASX Dividend Opportunities ETF,,,,,
IHEB,Ishares JP Morgan Usd Emerging MKT BND Aud HDG ETF,,,,,
IHHY,Ishares Global High Yield Bond (Aud Hedged) ETF,,,,,
IHL,Impression Healthcare Ltd,Health Care,,,,
IHOO,Ishares Global 100 Aud Hedged ETF,,,,,
IHR,Intellihr Ltd,Information Technology,,,,
IHVV,Ishares S&P 500 Aud Hedged ETF,,,,,
IHWL,Ishares Core MSCI World All Cap (Aud Hedged) ETF,,,,,
IIND,Betashares India Quality ETF,,,,,
IJH,Ishares S&P Mid-Cap ETF,,,,,
IJP,Ishares MSCI Japan ETF,,,,,
IJR,Ishares S&P Small-Cap ETF,,,,,
IKE,Ikegps Group Ltd,Information Technology,,,,
IKO,Ishares MSCI South Korea ETF,,,,,
IKW,Ikwezi Mining Ltd,Energy,,,,
ILB,Ishares Government Inflation ETF,,,,,
ILC,Ishares S&P/ASX 20 ETF,,,,,
ILU,Iluka Resources Ltd,Materials,,,,
IMA,Image Resources NL,Materials,,,,
IMC,Immuron Ltd,Health Care,,,,
IMD,IMDEX Ltd,Materials,,,,
IME,Imexhs Ltd,Health Care,,,,
IMM,Immutep Ltd,Health Care,,,,
IMPQ,Einvest Future Impact Small Caps Fund (Managed Fund),,,,,
IMR,"Imricor Medical Systems, Inc",Health Care,,,,
IMS,Impelus Ltd,Communication Services,,,,
IMU,Imugene Ltd,Health Care,,,,
INA,Ingenia Communities Group,Real Estate,,,,
INCM,Betashares Global Income Leaders ETF,,,,,
INES,Intelligent Investor Ethical Share Fund (Managed Fund),,,,,
INF,Infinity Lithium Corporation Ltd,Materials,,,,
ING,Inghams Group Ltd,Consumer Staples,,,,
INIF,Intelligent Investor Aus Equity Income Fund (Managed Fund),,,,,
INP,Incentiapay Ltd,Consumer Discretionary,,,,
INR,Ioneer Ltd,Materials,,,,
INV,Investsmart Group Ltd,Financials,,,,
IOD,Iodm Ltd,Information Technology,,,,
IOO,Ishares Global 100 ETF,,,,,
IOZ,Ishares Core S&P/ASX 200 ETF,,,,,
IP1,Integrated Payment Technologies Ltd,Information Technology,,,,
IPB,IPB Petroleum Ltd,Energy,,,,
IPC,Imperial Pacific Ltd,Financials,,,,
IPD,Impedimed Ltd,Health Care,,,,
IPH,IPH Ltd,Industrials,,,,
IPL,Incitec Pivot Ltd,Materials,,,,
IPT,Impact Minerals Ltd,Materials,,,,
IQ3,IQ3CORP Ltd,Financials,,,,
IRD,Iron Road Ltd,Materials,,,,
IRE,Iress Ltd,Information Technology,,,,
IRI,Integrated Research Ltd,Information Technology,,,,
IS3,I Synergy Group Ltd,Information Technology,,,,
ISD,Isentia Group Ltd,Information Technology,,,,
ISEC,Ishares Enhanced Cash ETF,,,,,
ISO,Ishares S&P/ASX Small Ordinaries ETF,,,,,
ISU,Iselect Ltd,Consumer Discretionary,,,,
ISX,Isignthis Ltd,Information Technology,,,,
ITG,Intega Group Ltd,Industrials,,,,
IVC,Invocare Ltd,Consumer Discretionary,,,,
IVE,Ishares MSCI Eafe ETF,,,,,
IVO,Invigor Group Ltd,Communication Services,,,,
IVQ,Invitrocue Ltd,Health Care,,,,
IVR,Investigator Resources Ltd,Materials,,,,
IVT,Inventis Ltd,Industrials,,,,
IVV,Ishares S&P 500 ETF,,,,,
IVX,Invion Ltd,Health Care,,,,
IVZ,Invictus Energy Ltd,Energy,,,,
IWLD,Ishares Core MSCI World All Cap ETF,,,,,
IXC,INVEX Therapeutics Ltd,Health Care,,,,
IXI,Ishares Global Consumer Staples ETF,,,,,
IXJ,Ishares Global Healthcare ETF,,,,,
IXR,Ionic Rare EARTHS Ltd,Materials,,,,
IXU,Ixup Ltd,Information Technology,,,,
IZZ,Ishares China Large-Cap ETF,,,,,
JAL,Jameson Resources Ltd,Materials,,,,
JAN,Janison Education Group Ltd,Information Technology,,,,
JAT,Jatenergy Ltd,Consumer Discretionary,,,,
JAY,Jayride Group Ltd,Consumer Discretionary,,,,
JBH,JB Hi-Fi Ltd,Consumer Discretionary,,,,
JCI,Jiancheng International Group Ltd,Industrials,,,,
JCS,Jcurve Solutions Ltd,Information Technology,,,,
JDR,Jadar Resources Ltd,Materials,,,,
JHC,Japara Healthcare Ltd,Health Care,,,,
JHG,Janus Henderson Group Plc,Financials,,,,
JHL,JAYEX Healthcare Ltd,Health Care,,,,
JHX,James Hardie Industries Plc,Materials,,,,
JIN,Jumbo Interactive Ltd,Consumer Discretionary,,,,
JIP,Jack-in Group Ltd,Industrials,,,,
JJF,Jiajiafu Modern Agriculture Ltd,Consumer Staples,,,,
JKA,Jacka Resources Ltd,Energy,,,,
JLG,Johns LYNG Group Ltd,Industrials,,,,
JMS,Jupiter Mines Ltd,Materials,,,,
JPR,Jupiter Energy Ltd,Energy,,,,
JRL,Jindalee Resources Ltd,Materials,,,,
JRV,Jervois Mining Ltd,Materials,,,,
JXT,Jaxsta Ltd,Information Technology,,,,
JYC,Joyce Corporation Ltd,Consumer Discretionary,,,,
K2F,K2FLY Ltd,Information Technology,,,,
KAI,Kairos Minerals Ltd,Materials,,,,
KAM,K2 Asset Management Holdings Ltd,Financials,,,,
KAR,Karoon Energy Ltd,Energy,,,,
KAS,Kasbah Resources Ltd,Materials,,,,
KAT,Katana Capital Ltd,,,,,
KAU,Kaiser Reef Ltd,Materials,,,,
KBC,Keybridge Capital Ltd,Financials,,,,
KCN,Kingsgate Consolidated Ltd,Materials,,,,
KEY,KEY Petroleum Ltd,Energy,,,,
KFE,Kogi Iron Ltd,Materials,,,,
KGD,Kula Gold Ltd,Materials,,,,
KGL,KGL Resources Ltd,Materials,,,,
KGM,Kalnorth Gold Mines Ltd,Materials,,,,
KGN,Kogan.com Ltd,Consumer Discretionary,,,,
KIN,KIN Mining NL,Materials,,,,
KIS,King Island Scheelite Ltd,Materials,,,,
KKC,KKR Credit Income Fund,,,,,
KKL,Kollakorn Corporation Ltd,Information Technology,,,,
KKO,Kinetiko Energy Ltd,Energy,,,,
KLA,Kirkland Lake Gold Ltd,Materials,,,,
KLL,Kalium Lakes Ltd,Materials,,,,
KLO,Kingsland Global Ltd,Real Estate,,,,
KLR,Kaili Resources Ltd,Energy,,,,
KMD,Kathmandu Holdings Ltd,Consumer Discretionary,,,,
KME,Kip Mcgrath Education Centres Ltd,Consumer Discretionary,,,,
KMT,Kopore Metals Ltd,Materials,,,,
KNH,Koon Holdings Ltd,Industrials,,,,
KNM,Kneomedia Ltd,Communication Services,,,,
KNO,Knosys Ltd,Information Technology,,,,
KOR,Korab Resources Ltd,Materials,,,,
KOV,Korvest Ltd,Industrials,,,,
KP2,Kore Potash Plc,Materials,,,,
KPC,Kazakhstan Potash Corporation Ltd,Materials,,,,
KPE,Kina Petroleum Corporation,Energy,,,,
KPG,Kelly Partners Group Holdings Ltd,Industrials,,,,
KPO,Kalina Power Ltd,Utilities,,,,
KPT,Kangaroo Island Plantation Timbers Ltd,Materials,,,,
KRM,Kingsrose Mining Ltd,Materials,,,,
KRR,King River Resources Ltd,Materials,,,,
KRS,Kresta Holdings Ltd,Consumer Discretionary,,,,
KSC,K & S Corporation Ltd,Industrials,,,,
KSL,Kina Securities Ltd,Financials,,,,
KSM,K2 Australian Small Cap Fund (Hedge Fund),,,,,
KSN,Kingston Resources Ltd,Materials,,,,
KSS,Kleos Space S.A,Industrials,,,,
KTA,Krakatoa Resources Ltd,Materials,,,,
KTD,Keytone Dairy Corporation Ltd,Consumer Staples,,,,
KTE,K2 Energy Ltd,Information Technology,,,,
KTG,K-Tig Ltd,Industrials,,,,
KWR,Kingwest Resources Ltd,Materials,,,,
KYK,KYCKR Ltd,Information Technology,,,,
KZA,KAZIA Therapeutics Ltd,Health Care,,,,
KZR,Kalamazoo Resources Ltd,Materials,,,,
LAA,Latam Autos Ltd,Communication Services,,,,
LAM,Laramide Resources Ltd,Energy,,,,
LAU,Lindsay Australia Ltd,Industrials,,,,
LAW,Lawfinance Ltd,Financials,,,,
LBL,Laserbond Ltd,Industrials,,,,
LBT,LBT Innovations Ltd,Health Care,,,,
LCD,Latitude Consolidated Ltd,Materials,,,,
LCE,London City Equities Ltd,Financials,,,,
LCK,Leigh Creek Energy Ltd,Energy,,,,
LCL,Los Cerros Ltd,Materials,,,,
LCM,Logicamms Ltd,Industrials,,,,
LCT,Living Cell Technologies Ltd,Health Care,,,,
LCY,Legacy Iron Ore Ltd,Materials,,,,
LEG,Legend Mining Ltd,Materials,,,,
LEP,Ale Property Group,Real Estate,,,,
LER,Leaf Resources Ltd,Materials,,,,
LEX,Lefroy Exploration Ltd,Materials,,,,
LGP,Little Green Pharma Ltd,Health Care,,,,
LGR,Lanka Graphite Ltd,Materials,,,,
LHB,Lionhub Group Ltd,Real Estate,,,,
LHM,Land & Homes Group Ltd,Real Estate,,,,
LI3,Lithium Consolidated Ltd,Materials,,,,
LIC,Lifestyle Communities Ltd,Real Estate,,,,
LIN,Lindian Resources Ltd,Materials,,,,
LIO,Lion Energy Ltd,Energy,,,,
LIT,Lithium Australia NL,Materials,,,,
LKE,Lake Resources N.L.,Materials,,,,
LKO,Lakes Oil NL,Energy,,,,
LLC,Lendlease Group,Real Estate,,,,
LLO,Lion One Metals Ltd,Materials,,,,
LME,"Limeade, Inc",Information Technology,,,,
LMG,Latrobe Magnesium Ltd,Materials,,,,
LML,Lincoln Minerals Ltd,Materials,,,,
LNG,Liquefied Natural Gas Ltd,Energy,,,,
LNK,Link Administration Holdings Ltd,Information Technology,,,,
LNU,Linius Technologies Ltd,Information Technology,,,,
LNY,Laneway Resources Ltd,Materials,,,,
LOM,Lucapa Diamond Company Ltd,Materials,,,,
LON,Longtable Group Ltd,Consumer Staples,,,,
LOT,Lotus Resources Ltd,Materials,,,,
LOV,Lovisa Holdings Ltd,Consumer Discretionary,,,,
LPD,Lepidico Ltd,Materials,,,,
LPDRC,Lepidico Ltd,,,,,
LPE,Locality Planning Energy Holdings Ltd,Utilities,,,,
LPI,Lithium Power International Ltd,Materials,,,,
LRM,Lustrum Minerals Ltd,Energy,,,,
LRS,Latin Resources Ltd,Materials,,,,
LRT,Lowell Resources Fund,,,,,
LSA,Lachlan Star Ltd,Materials,,,,
LSF,L1 Long Short Fund Ltd,,,,,
LSH,Lifespot Health Ltd,Health Care,,,,
LSR,Lodestar Minerals Ltd,Materials,,,,
LSX,Lion Selection Group Ltd,,,,,
LTR,Liontown Resources Ltd,Materials,,,,
LVE,Love Group Global Ltd,Information Technology,,,,
LVH,Livehire Ltd,Information Technology,,,,
LVT,Livetiles Ltd,Information Technology,,,,
LYC,Lynas Corporation Ltd,Materials,,,,
LYL,Lycopodium Ltd,Industrials,,,,
M7T,MACH7 Technologies Ltd,Health Care,,,,
M8S,M8 Sustainable Ltd,Industrials,,,,
MA1,Monash Absolute Investment Company Ltd,,,,,
MAD,Mader Group Ltd,Industrials,,,,
MAG,Magmatic Resources Ltd,Materials,,,,
MAH,Macmahon Holdings Ltd,Materials,,,,
MAI,Mainstream Group Holdings Ltd,Financials,,,,
MAM,Microequities Asset Management Group Ltd,Financials,,,,
MAN,Mandrake Resources Ltd,Materials,,,,
MAQ,Macquarie Telecom Group Ltd,,,,,
MAT,Matsa Resources Ltd,Materials,,,,
MAU,Magnetic Resources NL,Materials,,,,
MAUCA,Magnetic Resources NL,,,,,
MAX,Millinium's Alternatives Fund,,,,,
MAY,Melbana Energy Ltd,Energy,,,,
MBK,Metal Bank Ltd,Materials,,,,
MBM,Mobecom Ltd,Information Technology,,,,
MCA,Murray Cod Australia Ltd,Consumer Staples,,,,
MCB,MCB Resources Ltd,Energy,,,,
MCE,Matrix Composites & Engineering Ltd,Energy,,,,
MCM,MC Mining Ltd,Energy,,,,
MCP,Mcpherson's Ltd,Consumer Staples,,,,
MCR,Mincor Resources NL,Materials,,,,
MCT,Metalicity Ltd,Materials,,,,
MCX,Mariner Corporation Ltd,Financials,,,,
MCY,Mercury NZ Ltd,Utilities,,,,
MDC,Medlab Clinical Ltd,Health Care,,,,
MDI,Middle Island Resources Ltd,Materials,,,,
MDR,Medadvisor Ltd,Health Care,,,,
MDX,Mindax Ltd,Materials,,,,
MEA,Mcgrath Ltd,Real Estate,,,,
MEB,Medibio Ltd,Health Care,,,,
MEC,Morphic Ethical Equities Fund Ltd,Financials,,,,
MEI,Meteoric Resources NL,Materials,,,,
MEL,Metgasco Ltd,Energy,,,,
MEM,Memphasys Ltd,Health Care,,,,
MEP,Minotaur Exploration Ltd,Materials,,,,
MEQ,Metlifecare Limited Foreign Exempt NZX,Health Care,,,,
MEU,Marmota Ltd,Energy,,,,
MEY,Marenica Energy Ltd,Energy,,,,
MEZ,Meridian Energy Ltd,Utilities,,,,
MFD,Mayfield Childcare Ltd,Consumer Discretionary,,,,
MFF,MFF Capital Investments Ltd,,,,,
MFG,Magellan Financial Group Ltd,Financials,,,,
MGC,MG Unit Trust,,,,,
MGE,Magellan Global Equities Fund (Managed Fund),,,,,
MGG,Magellan Global Trust,,,,,
MGL,Magontec Ltd,Materials,,,,
MGR,Mirvac Group,Real Estate,,,,
MGT,Magnetite Mines Ltd,Materials,,,,
MGU,Magnum Mining and Exploration Ltd,Materials,,,,
MGV,Musgrave Minerals Ltd,Materials,,,,
MGX,Mount Gibson Iron Ltd,Materials,,,,
MGZ,Medigard Ltd,Health Care,,,,
MHC,Manhattan Corporation Ltd,Energy,,,,
MHD,Millennium Ltd,Consumer Discretionary,,,,
MHG,Magellan Global Equities Fund(Currency Hedged)(MF),,,,,
MHH,Magellan High Conviction Trust,,,,,
MHI,Merchant House International Ltd,Consumer Discretionary,,,,
MHJ,Michael Hill International Ltd,Consumer Discretionary,,,,
MICH,Magellan Infrastructure Fund (Currency Hedged)(Managed Fund),,,,,
MIH,MNC Media Investment Ltd,Communication Services,,,,
MIL,Millennium Services Group Ltd,Industrials,,,,
MIN,Mineral Resources Ltd,Materials,,,,
MIO,Macarthur Minerals Ltd,Materials,,,,
MIR,Mirrabooka Investments Ltd,,,,,
MJC,Mejority Capital Ltd,Financials,,,,
MKG,Mako Gold Ltd,Materials,,,,
MLD,Maca Ltd,Materials,,,,
MLL,Mali Lithium Ltd,Materials,,,,
MLM,Metallica Minerals Ltd,Materials,,,,
MLS,Metals Australia Ltd,Materials,,,,
MLT,Milton Corporation Ltd,,,,,
MLX,Metals X Ltd,Materials,,,,
MME,Moneyme Ltd,Financials,,,,
MMI,Metro Mining Ltd,Materials,,,,
MMJ,MMJ Group Holdings Ltd,,,,,
MML,Medusa Mining Ltd,Materials,,,,
MMM,Marley Spoon AG,Consumer Discretionary,,,,
MMR,Mec Resources Ltd,Energy,,,,
MMS,Mcmillan Shakespeare Ltd,Industrials,,,,
MNB,Minbos Resources Ltd,Materials,,,,
MND,Monadelphous Group Ltd,Industrials,,,,
MNF,MNF Group Ltd,,,,,
MNRS,Betashares Global Gold Miners ETF - Currency Hedged,,,,,
MNS,Magnis Energy Technologies Ltd,Materials,,,,
MNW,Mint Payments Ltd,Information Technology,,,,
MNY,MONEY3 Corporation Ltd,Financials,,,,
MOAT,Vaneck Vectors Morningstar Wide Moat ETF,,,,,
MOB,Mobilicom Ltd,Information Technology,,,,
MOC,Mortgage Choice Ltd,Financials,,,,
MOE,Moelis Australia Ltd,Financials,,,,
MOGL,Montgomery Global Equities Fund (Managed Fund),,,,,
MOH,Moho Resources Ltd,Materials,,,,
MONY,Ubs IQ Cash ETF,,,,,
MOQ,MOQ Ltd,Information Technology,,,,
MOT,MCP Income Opportunities Trust,,,,,
MOY,Millennium Minerals Ltd,Materials,,,,
MOZ,Mosaic Brands Ltd,Consumer Discretionary,,,,
MP1,Megaport Ltd,Information Technology,,,,
MPH,Mediland Pharm Ltd,Consumer Discretionary,,,,
MPL,Medibank Private Ltd,Financials,,,,
MPO,Molopo Energy Ltd,Energy,,,,
MPP,Metro Performance Glass Ltd,Industrials,,,,
MPR,Mpower Group Ltd,Financials,,,,
MPW,MSL Solutions Ltd,Information Technology,,,,
MPX,Mustera Property Group Ltd,Real Estate,,,,
MQG,Macquarie Group Ltd,Financials,,,,
MQR,Marquee Resources Ltd,Materials,,,,
MRC,Mineral Commodities Ltd,Materials,,,,
MRD,Mount Ridley Mines Ltd,Materials,,,,
MRG,Murray River Organics Group Ltd,Consumer Staples,,,,
MRL,Mayur Resources Ltd,Materials,,,,
MRM,Mma Offshore Ltd,Energy,,,,
MRQ,MRG Metals Ltd,Materials,,,,
MRR,Minrex Resources Ltd,Materials,,,,
MRV,Moreton Resources Ltd,Energy,,,,
MRZ,Mont Royal Resources Ltd,Materials,,,,
MSB,Mesoblast Ltd,Health Care,,,,
MSE,Metalsearch Ltd,Materials,,,,
MSG,MCS Services Ltd,Industrials,,,,
MSI,Multistack International Ltd,Industrials,,,,
MSM,MSM Corporation International Ltd,Communication Services,,,,
MSR,Manas Resources Ltd,Materials,,,,
MSTR,Morningstar International Shares Active ETF (Managed Fund),,,,,
MSV,Mitchell Services Ltd,Materials,,,,
MTB,Mount Burgess Mining NL,Materials,,,,
MTC,Metalstech Ltd,Materials,,,,
MTH,Mithril Resources Ltd,Materials,,,,
MTL,Manalto Ltd,Information Technology,,,,
MTO,Motorcycle Holdings Ltd,Consumer Discretionary,,,,
MTS,Metcash Ltd,Consumer Staples,,,,
MVA,Vaneck Vectors Australian Property ETF,,,,,
MVB,Vaneck Vectors Australian Banks ETF,,,,,
MVE,Vaneck Vectors S&P/ASX Midcap ETF,,,,,
MVF,Monash Ivf Group Ltd,Health Care,,,,
MVOL,Ishares Edge MSCI Australia Minimum Volatility ETF,,,,,
MVP,Medical Developments International Ltd,Health Care,,,,
MVR,Vaneck Vectors Australian Resources ETF,,,,,
MVS,Vaneck Vectors Small Companies Masters ETF,,,,,
MVW,Vaneck Vectors Australian EQUAL Weight ETF,,,,,
MWR,MGM Wireless Ltd,Communication Services,,,,
MWY,Midway Ltd,Materials,,,,
MX1,Micro-X Ltd,Health Care,,,,
MXC,MGC Pharmaceuticals Ltd,Health Care,,,,
MXI,Maxitrans Industries Ltd,Industrials,,,,
MXR,Maximus Resources Ltd,Materials,,,,
MXT,MCP Master Income Trust,,,,,
MYE,Mastermyne Group Ltd,Materials,,,,
MYL,Myanmar Metals Ltd,Materials,,,,
MYQ,Myfiziq Ltd,Information Technology,,,,
MYR,Myer Holdings Ltd,Consumer Discretionary,,,,
MYS,Mystate Ltd,Financials,,,,
MYX,Mayne Pharma Group Ltd,Health Care,,,,
MZI,MZI Resources Ltd,Materials,,,,
MZZ,Matador Mining Ltd,Materials,,,,
N1H,N1 Holdings Ltd,Financials,,,,
NAB,National Australia Bank Ltd,Financials,,,,
NAC,Naos Ex-50 Opportunities Company Ltd,,,,,
NAE,New Age Exploration Ltd,Energy,,,,
NAG,Nagambie Resources Ltd,Materials,,,,
NAM,Namoi Cotton Ltd,Industrials,,,,
NAN,Nanosonics Ltd,Health Care,,,,
NBI,NB Global Corporate Income Trust,,,,,
NC6,Nanollose Ltd,Health Care,,,,
NCC,Naos Emerging Opportunities Company Ltd,,,,,
NCK,Nick Scali Ltd,Consumer Discretionary,,,,
NCL,Netccentric Ltd,Communication Services,,,,
NCM,Newcrest Mining Ltd,Materials,,,,
NCR,Nucoal Resources Ltd,Materials,,,,
NCZ,New Century Resources Ltd,Materials,,,,
NDIA,ETFs Reliance India Nifty 50 ETF,,,,,
NDQ,Betashares Nasdaq 100 ETF,,,,,
NEA,Nearmap Ltd,Information Technology,,,,
NEC,Nine Entertainment Co. Holdings Ltd,Communication Services,,,,
NES,Nelson Resources Ltd,Materials,,,,
NET,Netlinkz Ltd,Information Technology,,,,
NEU,Neuren Pharmaceuticals Ltd,Health Care,,,,
NEW,NEW Energy Solar,Utilities,,,,
NGE,NGE Capital Ltd,,,,,
NGI,Navigator Global Investments Ltd,Financials,,,,
NGY,Nuenergy Gas Ltd,Energy,,,,
NHC,New Hope Corporation Ltd,Energy,,,,
NHF,Nib Holdings Ltd,Financials,,,,
NIC,Nickel Mines Ltd,Materials,,,,
NIU,Niuminco Group Ltd,Materials,,,,
NME,NEX Metals Exploration Ltd,Materials,,,,
NML,Navarre Minerals Ltd,Materials,,,,
NMT,Neometals Ltd,Materials,,,,
NNT,99 Technology Ltd,Information Technology,,,,
NOR,Norwood Systems Ltd,Information Technology,,,,
NOV,Novatti Group Ltd,Information Technology,,,,
NOX,Noxopharm Ltd,Health Care,,,,
NSB,Neuroscientific Biopharmaceuticals Ltd,Health Care,,,,
NSC,Naos Small Cap Opportunities Company Ltd,,,,,
NSE,New Standard Energy Ltd,Energy,,,,
NSR,National Storage REIT,Real Estate,,,,
NST,Northern Star Resources Ltd,Materials,,,,
NSX,NSX Ltd,Financials,,,,
NTD,National Tyre & Wheel Ltd,Consumer Discretionary,,,,
NTI,Neurotech International Ltd,Health Care,,,,
NTL,New Talisman Gold Mines Ltd,Materials,,,,
NTM,NTM Gold Ltd,Materials,,,,
NTO,Nitro Software Ltd,Information Technology,,,,
NTU,Northern Minerals Ltd,Materials,,,,
NUC,Nuchev Ltd,Consumer Staples,,,,
NUF,Nufarm Ltd,Materials,,,,
NUH,Nuheara Ltd,Information Technology,,,,
NUS,Nusantara Resources Ltd,Materials,,,,
NVA,Nova Minerals Ltd,Materials,,,,
NVO,Nvoi Ltd,Communication Services,,,,
NVU,Nanoveu Ltd,Information Technology,,,,
NVX,Novonix Ltd,Information Technology,,,,
NWC,New World Resources Ltd,Materials,,,,
NWE,Norwest Energy NL,Energy,,,,
NWF,Newfield Resources Ltd,Materials,,,,
NWH,NRW Holdings Ltd,Industrials,,,,
NWL,Netwealth Group Ltd,Financials,,,,
NWM,Norwest Minerals Ltd,Materials,,,,
NWS,News Corporation,Communication Services,,,,
NWSLV,News Corporation,Consumer Discretionary,,,,
NXE,New Energy Minerals Ltd,Materials,,,,
NXM,Nexus Minerals Ltd,Materials,,,,
NXS,Next Science Ltd,Health Care,,,,
NXT,NEXTDC Ltd,Information Technology,,,,
NYR,Nyrada Inc,Health Care,,,,
NZK,New Zealand King Salmon Investments Ltd,Consumer Staples,,,,
NZM,NZME Ltd,Communication Services,,,,
NZS,New Zealand Coastal Seafoods Ltd,Consumer Staples,,,,
OAR,Oakdale Resources Ltd,Materials,,,,
OAU,Ora Gold Ltd,Materials,,,,
OBJ,OBJ Limited,Health Care,,,,
OBL,Omni Bridgeway Ltd,Financials,,,,
OBM,Ora Banda Mining Ltd,Materials,,,,
OCA,Oceania Healthcare Ltd,Health Care,,,,
OCC,Orthocell Ltd,Health Care,,,,
OCL,Objective Corporation Ltd,Information Technology,,,,
ODA,Orcoda Ltd,Information Technology,,,,
ODM,Odin Metals Ltd,Materials,,,,
ODY,Odyssey Energy Ltd,Energy,,,,
OEC,Orbital Corporation Ltd,Industrials,,,,
OEL,Otto Energy Ltd,Energy,,,,
OEQ,Orion Equities Ltd,Financials,,,,
OEX,OILEX Ltd,Energy,,,,
OFX,OFX Group Ltd,Financials,,,,
OGA,Ocean Grown Abalone Ltd,Consumer Staples,,,,
OGC,Oceanagold Corporation,Materials,,,,
OGX,Orinoco Gold Ltd,Materials,,,,
OIL,Optiscan Imaging Ltd,Health Care,,,,
OKJ,Oakajee Corporation Ltd,Materials,,,,
OKR,Okapi Resources Ltd,Materials,,,,
OKU,Oklo Resources Ltd,Materials,,,,
OLH,Oldfields Holdings Ltd,Industrials,,,,
OLI,Oliver's Real Food Ltd,Consumer Discretionary,,,,
OLL,Openlearning Ltd,Information Technology,,,,
OLV,Otherlevels Holdings Ltd,Information Technology,,,,
OMH,Om Holdings Ltd,Materials,,,,
OML,Ooh!Media Ltd,Communication Services,,,,
ONE,Oneview Healthcare Plc,Health Care,,,,
ONT,1300 Smiles Ltd,Health Care,,,,
ONX,Orminex Ltd,Materials,,,,
OOK,Ookami Ltd,Information Technology,,,,
OOO,Betashares Crude Oil INDEX ETF-Currency Hedged (Synthetic),,,,,
OPC,Opticomm Ltd,,,,,
OPH,Ophir High Conviction Fund,,,,,
OPL,Opyl Ltd,Information Technology,,,,
OPT,Opthea Ltd,Health Care,,,,
OPY,Openpay Group Ltd,Financials,,,,
ORA,Orora Ltd,Materials,,,,
ORE,Orocobre Ltd,Materials,,,,
ORG,Origin Energy Ltd,Energy,,,,
ORI,Orica Ltd,Materials,,,,
ORM,Orion Metals Ltd,Materials,,,,
ORN,Orion Minerals Ltd,Materials,,,,
ORR,Orecorp Ltd,Materials,,,,
OSH,Oil Search Ltd,Energy,,,,
OSL,Oncosil Medical Ltd,Health Care,,,,
OSP,Osprey Medical Inc,Health Care,,,,
OSX,Osteopore Ltd,Health Care,,,,
OTW,Over the Wire Holdings Ltd,Information Technology,,,,
OVH,Onevue Holdings Ltd,Financials,,,,
OVN,Oventus Medical Ltd,Health Care,,,,
OVT,Ovato Ltd,Industrials,,,,
OXX,Octanex Ltd,Energy,,,,
OZF,SPDR S&P/ASX 200 Financials Ex A-REIT Fund,,,,,
OZG,Ozgrowth Ltd,,,,,
OZL,OZ Minerals Ltd,Materials,,,,
OZR,SPDR S&P/ASX 200 Resources Fund,,,,,
P2P,P2P Transport Ltd,Industrials,,,,
PAA,Pharmaust Ltd,Health Care,,,,
PAB,PATRYS Ltd,Health Care,,,,
PAC,Pacific Current Group Ltd,Financials,,,,
PAF,PM Capital Asian Opportunities Fund Ltd,,,,,
PAI,Platinum Asia Investments Ltd,,,,,
PAK,Pacific American Holdings Ltd,Materials,,,,
PAL,Palla Pharma Ltd,Health Care,,,,
PAN,Panoramic Resources Ltd,Materials,,,,
PAR,Paradigm Biopharmaceuticals Ltd,Health Care,,,,
PAXX,Platinum Asia Fund (Quoted Managed Hedge Fund),,,,,
PBH,Pointsbet Holdings Ltd,Consumer Discretionary,,,,
PBP,Probiotec Ltd,Health Care,,,,
PBX,Pacific Bauxite Ltd,Materials,,,,
PCG,Pengana Capital Group Ltd,Financials,,,,
PCH,Property Connect Holdings Ltd,Communication Services,,,,
PCI,Perpetual Credit Income Trust,,,,,
PCK,Painchek Ltd,Health Care,,,,
PCL,Pancontinental Oil & Gas NL,Energy,,,,
PDI,Predictive Discovery Ltd,Materials,,,,
PDL,Pendal Group Ltd,Financials,,,,
PDN,Paladin Energy Ltd,Energy,,,,
PDZ,Prairie Mining Ltd,Materials,,,,
PE1,Pengana Private Equity Trust,,,,,
PEC,Perpetual Resources Ltd,Materials,,,,
PEK,Peak Resources Ltd,Materials,,,,
PEL,Pelican Resources Ltd,Materials,,,,
PEN,Peninsula Energy Ltd,Energy,,,,
PET,Phoslock Environmental Technologies Ltd,Industrials,,,,
PEX,Peel Mining Ltd,Materials,,,,
PFG,Prime Financial Group Ltd,Financials,,,,
PFP,Propel Funeral Partners Ltd,Consumer Discretionary,,,,
PG1,Pearl Global Ltd,Industrials,,,,
PGC,Paragon Care Ltd,Health Care,,,,
PGF,PM Capital Global Opportunities Fund Ltd,,,,,
PGG,Partners Group Global Income Fund,,,,,
PGH,Pact Group Holdings Ltd,Materials,,,,
PGI,Panterra Gold Ltd,Materials,,,,
PGL,Prospa Group Ltd,Financials,,,,
PGM,Platina Resources Ltd,Materials,,,,
PGR,The Pas Group Ltd,Consumer Discretionary,,,,
PGX,Primero Group Ltd,Industrials,,,,
PGY,Pilot Energy Ltd,Energy,,,,
PIA,Pengana International Equities Ltd,,,,,
PIC,Perpetual Equity Investment Company Ltd,,,,,
PIL,Peppermint Innovation Ltd,Information Technology,,,,
PIN,Pinchme.com Inc,Industrials,,,,
PIO,Pioneer Resources Ltd,Materials,,,,
PIQ,Proteomics International Laboratories Ltd,Health Care,,,,
PIXX,Platinum International Fund (Quoted Managed Hedge Fund),,,,,
PKD,Parkd Ltd,Industrials,,,,
PKO,Peako Ltd,Energy,,,,
PKS,PKS Holdings Ltd,Health Care,,,,
PL8,Plato Income Maximiser Ltd,,,,,
PLC,PLC Financial Solutions Ltd,Financials,,,,
PLL,Piedmont Lithium Ltd,Materials,,,,
PLS,Pilbara Minerals Ltd,Materials,,,,
PLUS,Vaneck Vectors Australian Corporate Bond Plus ETF,,,,,
PLX,Pyrolyx AG,Materials,,,,
PM1,Pure Minerals Ltd,Materials,,,,
PM8,Pensana Rare EARTHS Plc,Materials,,,,
PMC,Platinum Capital Ltd,,,,,
PME,Pro Medicus Ltd,Health Care,,,,
PMGOLD,Gold Corporation,,,,,
PMV,Premier Investments Ltd,Consumer Discretionary,,,,
PMY,Pacifico Minerals Ltd,Materials,,,,
PNC,Pioneer Credit Ltd,Financials,,,,
PNI,Pinnacle Investment Management Group Ltd,Financials,,,,
PNL,Paringa Resources Ltd,Energy,,,,
PNN,Pepinnini Lithium Ltd,Materials,,,,
PNR,Pantoro Ltd,Materials,,,,
PNV,Polynovo Ltd,Health Care,,,,
PNW,Pacific Star Network Ltd,Communication Services,,,,
PNX,PNX Metals Ltd,Materials,,,,
PO3,Purifloh Ltd,Utilities,,,,
POD,Podium Minerals Ltd,Materials,,,,
POS,Poseidon Nickel Ltd,Materials,,,,
POU,Betashares British Pound ETF,,,,,
POW,Protean Energy Ltd,Industrials,,,,
PPC,Peet Ltd,Real Estate,,,,
PPE,People Infrastructure Ltd,Industrials,,,,
PPG,Pro-Pac Packaging Ltd,Materials,,,,
PPH,Pushpay Holdings Ltd,Information Technology,,,,
PPK,PPK Group Ltd,Industrials,,,,
PPL,Pureprofile Ltd,Communication Services,,,,
PPS,Praemium Ltd,Information Technology,,,,
PPT,Perpetual Ltd,Financials,,,,
PPY,Papyrus Australia Ltd,Materials,,,,
PRM,Prominence Energy NL,Energy,,,,
PRN,Perenti Global Ltd,Materials,,,,
PRO,Prophecy International Holdings Ltd,Information Technology,,,,
PRT,Prime Media Group Ltd,Communication Services,,,,
PRU,Perseus Mining Ltd,Materials,,,,
PRX,Prodigy Gold NL,Materials,,,,
PRZ,Parazero Ltd,Information Technology,,,,
PSA,Petsec Energy Ltd,Energy,,,,
PSC,Prospect Resources Ltd,Materials,,,,
PSI,PSC Insurance Group Ltd,Financials,,,,
PSL,Paterson Resources Ltd,Materials,,,,
PSQ,Pacific Smiles Group Ltd,Health Care,,,,
PSZ,PS&C Ltd,Industrials,,,,
PTB,PTB Group Ltd,Industrials,,,,
PTL,Pental Ltd,Consumer Staples,,,,
PTM,Platinum Asset Management Ltd,Financials,,,,
PTR,Petratherm Ltd,Materials,,,,
PTX,Prescient Therapeutics Ltd,Health Care,,,,
PUA,Pure Alumina Ltd,Materials,,,,
PUR,Pursuit Minerals Ltd,Materials,,,,
PVE,Po Valley Energy Ltd,Energy,,,,
PVL,Powerhouse Ventures Ltd,Financials,,,,
PVS,Pivotal Systems Corporation,Information Technology,,,,
PWG,Primewest,Financials,,,,
PWH,PWR Holdings Ltd,Consumer Discretionary,,,,
PWL,Powerwrap Ltd,Financials,,,,
PWN,Parkway Minerals NL,Materials,,,,
PWNCA,Parkway Minerals NL,,,,,
PXS,Pharmaxis Ltd,Health Care,,,,
PXX,Polarx Ltd,Materials,,,,
PYC,PYC Therapeutics Ltd,Health Care,,,,
PYG,Paygroup Ltd,Information Technology,,,,
QAG,Betashares Agriculture ETF-Currency Hedged (Synthetic),,,,,
QAN,Qantas Airways Ltd,Industrials,,,,
QAU,Betashares Gold Bullion ETF - Currency Hedged,,,,,
QBE,QBE Insurance Group Ltd,Financials,,,,
QCB,Betashares Commodities Basket ETF-Currency Hedged(Synthetic),,,,,
QEM,QEM Ltd,Materials,,,,
QFE,Quickfee Ltd,Financials,,,,
QFN,Betashares Australian Financials Sector ETF,,,,,
QFY,Quantify Technology Holdings Ltd,Information Technology,,,,
QGL,Quantum Graphite Ltd,Materials,,,,
QHAL,Vaneck Vectors MSCI World Ex Australia Quality (Hedged) ETF,,,,,
QHL,Quickstep Holdings Ltd,Industrials,,,,
QIP,QANTM Intellectual Property Ltd,Industrials,,,,
QLTY,Betashares Global Quality Leaders ETF,,,,,
QMIX,SPDR MSCI World Quality MIX Fund,,,,,
QOZ,Betashares Ftse Rafi Australia 200 ETF,,,,,
QPON,Betashares Australian Bank Senior Floating Rate Bond ETF,,,,,
QPR,Quattro Plus Real Estate,Real Estate,,,,
QRE,Betashares Australian Resources Sector ETF,,,,,
QRI,Qualitas Real Estate Income Fund,,,,,
QSS,Questus Ltd,Real Estate,,,,
QTG,Q Technology Group Ltd,Information Technology,,,,
QTM,Quantum Health Group Ltd,Health Care,,,,
QUAL,Vaneck Vectors MSCI World Ex Australia Quality ETF,,,,,
QUB,QUBE Holdings Ltd,Industrials,,,,
QUE,Queste Communications Ltd,Financials,,,,
QUS,Betashares Ftse Rafi U.S. 1000 ETF,,,,,
QVE,QV Equities Ltd,,,,,
R3D,R3D Global Ltd,Communication Services,,,,
RAC,Race Oncology Ltd,Health Care,,,,
RAG,Ragnar Metals Ltd,Materials,,,,
RAN,Range International Ltd,Materials,,,,
RAP,Resapp Health Ltd,Health Care,,,,
RARI,Russell Investments Australian Responsible Investment ETF,,,,,
RBD,Restaurant Brands New Zealand Ltd,Consumer Discretionary,,,,
RBL,Redbubble Ltd,Consumer Discretionary,,,,
RBR,RBR Group Ltd,Materials,,,,
RBTZ,Betashares Global Robotics and Artificial Intelligence ETF,,,,,
RBX,Resource Base Ltd,Materials,,,,
RCB,Russell Investments Australian Select Corporate Bond ETF,,,,,
RCE,Recce Pharmaceuticals Ltd,Health Care,,,,
RCL,Readcloud Ltd,Information Technology,,,,
RCP,Redbank Copper Ltd,Materials,,,,
RCT,Reef Casino Trust,Consumer Discretionary,,,,
RCW,Rightcrowd Ltd,Information Technology,,,,
RD1,Registry Direct Ltd,Information Technology,,,,
RDC,Redcape Hotel Group,Consumer Discretionary,,,,
RDF,Redflex Holdings Ltd,Information Technology,,,,
RDG,Resource Development Group Ltd,Materials,,,,
RDH,Redhill Education Ltd,Consumer Discretionary,,,,
RDM,Red Metal Ltd,Materials,,,,
RDN,Raiden Resources Ltd,Materials,,,,
RDS,Redstone Resources Ltd,Materials,,,,
RDV,Russell Investments High Dividend Australian Shares ETF,,,,,
RDY,Readytech Holdings Ltd,Information Technology,,,,
RE1,Resa Group Ltd,Real Estate,,,,
REA,REA Group Ltd,Communication Services,,,,
RED,RED 5 Ltd,Materials,,,,
REE,RAREX Ltd,Materials,,,,
REF,Reverse Corp Ltd,,,,,
REG,Regis Healthcare Ltd,Health Care,,,,
REH,Reece Ltd,Industrials,,,,
REIT,Vaneck Vectors Ftse International Property (Hedged) ETF,,,,,
RENT,AMP Capital Global Property Sec Fund,,,,,
RES,Resource Generation Ltd,Energy,,,,
REV,Real Estate Investar Group Ltd,Communication Services,,,,
REX,Regional Express Holdings Ltd,Industrials,,,,
REY,REY Resources Ltd,Energy,,,,
REZ,Resources & Energy Group Ltd,Materials,,,,
RF1,Regal Investment Fund,,,,,
RFF,Rural Funds Group,Real Estate,,,,
RFG,Retail Food Group Ltd,Consumer Discretionary,,,,
RFN,Reffind Ltd,Information Technology,,,,
RFR,Rafaella Resources Ltd,Materials,,,,
RFT,Rectifier Technologies Ltd,Industrials,,,,
RFX,Redflow Ltd,Industrials,,,,
RGB,Russell Investments Australian Government Bond ETF,,,,,
RGI,Roto-Gro International Ltd,Industrials,,,,
RGL,Riversgold Ltd,Materials,,,,
RGS,Regeneus Ltd,Health Care,,,,
RHC,Ramsay Health Care Ltd,Health Care,,,,
RHI,Red Hill Iron Ltd,Materials,,,,
RHP,Rhipe Ltd,Information Technology,,,,
RHT,Resonance Health Ltd,Health Care,,,,
RHY,RHYTHM Biosciences Ltd,Health Care,,,,
RIC,Ridley Corporation Ltd,Consumer Staples,,,,
RIE,Riedel Resources Ltd,Materials,,,,
RIM,Rimfire Pacific Mining NL,Materials,,,,
RINC,Betashares Legg Mason Real Income Fund (Managed Fund),,,,,
RIO,RIO Tinto Ltd,Materials,,,,
RKN,Reckon Ltd,Information Technology,,,,
RLC,Reedy Lagoon Corporation Ltd,Materials,,,,
RLE,Real Energy Corporation Ltd,Energy,,,,
RLG,Roolife Group Ltd,Information Technology,,,,
RLT,Renergen Ltd,Energy,,,,
RMC,Resimac Group Ltd,Financials,,,,
RMD,Resmed Inc,Health Care,,,,
RMG,RMG Ltd,Materials,,,,
RMI,Resource Mining Corporation Ltd,Materials,,,,
RML,Resolution Minerals Ltd,Materials,,,,
RMP,Red Emperor Resources NL,Energy,,,,
RMS,Ramelius Resources Ltd,Materials,,,,
RMT,Rma Energy Ltd,Materials,,,,
RMX,Red Mountain Mining Ltd,Materials,,,,
RMY,Rma Global Ltd,Communication Services,,,,
RND,Rand Mining Ltd,Materials,,,,
RNE,Renu Energy Ltd,Utilities,,,,
RNO,Rhinomed Ltd,Health Care,,,,
RNT,Rent.com.Au Ltd,Communication Services,,,,
RNU,Renascor Resources Ltd,Energy,,,,
RNX,Renegade Exploration Ltd,Materials,,,,
RNY,RNY Property Trust,Real Estate,,,,
ROBO,ETFs Robo Global Robotics and Automation ETF,,,,,
ROG,Red Sky Energy Ltd,Energy,,,,
ROO,Roots Sustainable Agricultural Technologies Ltd,Industrials,,,,
RPG,Raptis Group Ltd,Real Estate,,,,
RPM,RPM Automotive Group Ltd,Consumer Discretionary,,,,
RRL,Regis Resources Ltd,Materials,,,,
RSG,Resolute Mining Ltd,Materials,,,,
RSH,Respiri Ltd,Health Care,,,,
RSM,Russell Investments Australian Semi-Government Bond ETF,,,,,
RTE,"Retech Technology Co., Ltd",Consumer Discretionary,,,,
RTG,RTG Mining Inc,Materials,,,,
RTR,Rumble Resources Ltd,Materials,,,,
RUL,Rpmglobal Holdings Ltd,Information Technology,,,,
RVR,Red River Resources Ltd,Materials,,,,
RVS,Revasum Inc,Information Technology,,,,
RWC,Reliance Worldwide Corporation Ltd,Industrials,,,,
RWD,Reward Minerals Ltd,Materials,,,,
RXH,Rewardle Holdings Ltd,Communication Services,,,,
RXL,ROX Resources Ltd,Materials,,,,
RXM,REX Minerals Ltd,Materials,,,,
RXP,RXP Services Ltd,Information Technology,,,,
RYD,Ryder Capital Ltd,,,,,
RZI,RAIZ Invest Ltd,Financials,,,,
S2R,S2 Resources Ltd,Materials,,,,
S32,SOUTH32 Ltd,Materials,,,,
S66,Star Combo Pharma Ltd,Consumer Staples,,,,
SAM,SIV Asset Management Ltd,Financials,,,,
SAN,Sagalio Energy Ltd,Energy,,,,
SAR,Saracen Mineral Holdings Ltd,Materials,,,,
SAS,Sky and Space Global Ltd,,,,,
SAU,Southern Gold Ltd,Materials,,,,
SAVE,Pinnacle Ashares Global Dynamic Income Fund (Managed Fund),,,,,
SBI,Sterling Plantations Ltd,Consumer Staples,,,,
SBM,ST Barbara Ltd,Materials,,,,
SBR,Sabre Resources Ltd,Materials,,,,
SBU,Siburan Resources Ltd,Materials,,,,
SBW,Shekel Brainweigh Ltd,Information Technology,,,,
SCG,Scentre Group,Real Estate,,,,
SCI,Silver City Minerals Ltd,Materials,,,,
SCL,Schrole Group Ltd,Information Technology,,,,
SCN,Scorpion Minerals Ltd,Materials,,,,
SCP,Shopping Centres Australasia Property Group,Real Estate,,,,
SCT,Scout Security Ltd,Consumer Discretionary,,,,
SCU,Stemcell United Ltd,Health Care,,,,
SDA,Speedcast International Ltd,,,,,
SDF,Steadfast Group Ltd,Financials,,,,
SDG,Sunland Group Ltd,Real Estate,,,,
SDI,SDI Ltd,Health Care,,,,
SDL,Sundance Resources Ltd,Materials,,,,
SDV,Scidev Ltd,Materials,,,,
SDX,Sienna Cancer Diagnostics Ltd,Health Care,,,,
SE1,Sensera Ltd,Information Technology,,,,
SEC,Spheria Emerging Companies Ltd,,,,,
SEI,Speciality Metals International Ltd,Materials,,,,
SEK,Seek Ltd,Industrials,,,,
SELF,Selfwealth SMSF Leaders ETF,,,,,
SEN,Senetas Corporation Ltd,Information Technology,,,,
SEQ,Sequoia Financial Group Ltd,Financials,,,,
SER,Strategic Energy Resources Ltd,Materials,,,,
SES,Secos Group Ltd,Materials,,,,
SF1,Stemify Ltd,Information Technology,,,,
SFC,Schaffer Corporation Ltd,Consumer Discretionary,,,,
SFG,Seafarms Group Ltd,Consumer Staples,,,,
SFM,Santa Fe Minerals Ltd,Materials,,,,
SFR,Sandfire Resources Ltd,Materials,,,,
SFX,Sheffield Resources Ltd,Materials,,,,
SFY,SPDR S&P/ASX 50 Fund,,,,,
SGC,Sacgasco Ltd,Energy,,,,
SGF,SG Fleet Group Ltd,Industrials,,,,
SGH,Slater & Gordon Ltd,Consumer Discretionary,,,,
SGI,Stealth Global Holdings Ltd,Industrials,,,,
SGLLV,Ricegrowers Ltd,,,,,
SGM,Sims Ltd,Materials,,,,
SGO,Stream Group Ltd,Information Technology,,,,
SGP,Stockland,Real Estate,,,,
SGQ,ST George Mining Ltd,Materials,,,,
SGR,The Star Entertainment Group Ltd,Consumer Discretionary,,,,
SHE,Stonehorse Energy Ltd,Energy,,,,
SHH,Shree Minerals Ltd,Materials,,,,
SHJ,Shine Justice Ltd,Consumer Discretionary,,,,
SHK,Stone Resources Australia Ltd,Materials,,,,
SHL,Sonic Healthcare Ltd,Health Care,,,,
SHM,Shriro Holdings Ltd,Consumer Discretionary,,,,
SHO,Sportshero Ltd,Communication Services,,,,
SHV,Select Harvests Ltd,Consumer Staples,,,,
SI6,SIX Sigma Metals Ltd,Materials,,,,
SIG,Sigma Healthcare Ltd,Health Care,,,,
SIH,Sihayo Gold Ltd,Materials,,,,
SIL,Smiles Inclusive Ltd,Health Care,,,,
SIO,Simonds Group Ltd,Consumer Discretionary,,,,
SIQ,Smartgroup Corporation Ltd,Industrials,,,,
SIS,Simble Solutions Ltd,Information Technology,,,,
SIT,Site Group International Ltd,Consumer Discretionary,,,,
SIV,SIV Capital Ltd,Industrials,,,,
SIX,Sprintex Ltd,Consumer Discretionary,,,,
SKC,Skycity Entertainment Group Ltd,Consumer Discretionary,,,,
SKF,SKYFII Ltd,Information Technology,,,,
SKI,Spark Infrastructure Group,Utilities,,,,
SKN,Skin Elements Ltd,Consumer Staples,,,,
SKO,Serko Ltd,Information Technology,,,,
SKT,Sky Network Television Ltd,Communication Services,,,,
SKY,SKY Metals Ltd,Materials,,,,
SL1,SYMBOL Mining Ltd,Materials,,,,
SLC,Superloop Ltd,,,,,
SLF,SPDR S&P/ASX 200 Listed Property Fund,,,,,
SLK,Sealink Travel Group Ltd,Consumer Discretionary,,,,
SLM,Salmat Ltd,Communication Services,,,,
SLR,Silver Lake Resources Ltd,Materials,,,,
SLX,SILEX Systems Ltd,Information Technology,,,,
SLZ,Sultan Resources Ltd,Materials,,,,
SM1,Synlait Milk Ltd,Consumer Staples,,,,
SMC,Strategic Minerals Corporation NL,Materials,,,,
SMG,Soon Mining Ltd,Materials,,,,
SMI,Santana Minerals Ltd,Materials,,,,
SMLL,Betashares Aust Small Companies Select Fund (Managed Fund),,,,,
SMN,Structural Monitoring Systems Plc,Information Technology,,,,
SMP,Smartpay Holdings Ltd,Information Technology,,,,
SMR,Stanmore Coal Ltd,Energy,,,,
SMX,Security Matters Ltd,Information Technology,,,,
SNC,Sandon Capital Investments Ltd,,,,,
SND,Saunders International Ltd,Industrials,,,,
SNL,Supply Network Ltd,Consumer Discretionary,,,,
SNS,Sensen Networks Ltd,Information Technology,,,,
SNZ,Summerset Group Holdings Ltd,Health Care,,,,
SO4,Salt Lake Potash Ltd,Materials,,,,
SOL,Washington H Soul Pattinson & Company Ltd,Energy,,,,
SOM,Somnomed Ltd,Health Care,,,,
SOP,Synertec Corporation Ltd,Industrials,,,,
SOR,Strategic Elements Ltd,Financials,,,,
SP3,Spectur Ltd,Information Technology,,,,
SPK,Spark New Zealand Ltd,,,,,
SPL,Starpharma Holdings Ltd,Health Care,,,,
SPQ,Superior Resources Ltd,Materials,,,,
SPT,Splitit Payments Ltd,Information Technology,,,,
SPX,Spectrum Metals Ltd,Materials,,,,
SPY,SPDR S&P 500 ETF Trust,,,,,
SPZ,Smart Parking Ltd,Information Technology,,,,
SRG,SRG Global Ltd,Industrials,,,,
SRH,Saferoads Holdings Ltd,Industrials,,,,
SRI,Sipa Resources Ltd,Materials,,,,
SRK,Strike Resources Ltd,Materials,,,,
SRN,Surefire Resources NL,Materials,,,,
SRV,Servcorp Ltd,Real Estate,,,,
SRY,Story-I Ltd,Consumer Discretionary,,,,
SRZ,Stellar Resources Ltd,Materials,,,,
SSG,Shaver Shop Group Ltd,Consumer Discretionary,,,,
SSL,Sietel Ltd,Real Estate,,,,
SSLPA,Sietel Ltd,Financials,,,,
SSM,Service Stream Ltd,Industrials,,,,
SSO,SPDR S&P/ASX Small Ordinaries Fund,,,,,
SST,Steamships Trading Company Ltd,Industrials,,,,
ST1,Spirit Telecom Ltd,,,,,
STA,Strandline Resources Ltd,Materials,,,,
STC,Sinetech Ltd,Information Technology,,,,
STG,Straker Translations Ltd,Communication Services,,,,
STM,Sunstone Metals Ltd,Materials,,,,
STN,Saturn Metals Ltd,Materials,,,,
STO,Santos Ltd,Energy,,,,
STW,SPDR S&P/ASX 200 Fund,,,,,
STX,Strike Energy Ltd,Energy,,,,
SUBD,Vaneck Vectors Australian Subordinated Debt ETF,,,,,
SUD,Suda Pharmaceuticals Ltd,Health Care,,,,
SUH,Southern Hemisphere Mining Ltd,Materials,,,,
SUL,Super Retail Group Ltd,Consumer Discretionary,,,,
SUN,Suncorp Group Ltd,Financials,,,,
SUP,Superior Lake Resources Ltd,Materials,,,,
SVA,Simavita Ltd,Health Care,,,,
SVD,Scandivanadium Ltd,Materials,,,,
SVH,Silver Heritage Group Ltd,Consumer Discretionary,,,,
SVL,Silver Mines Ltd,Materials,,,,
SVM,Sovereign Metals Ltd,Materials,,,,
SVS,Sunvest Corporation Ltd,,,,,
SVW,Seven Group Holdings Ltd,Industrials,,,,
SVY,Stavely Minerals Ltd,Materials,,,,
SW1,Swift Media Ltd,Communication Services,,,,
SWF,Selfwealth Ltd,Financials,,,,
SWK,Swick Mining Services Ltd,Materials,,,,
SWM,Seven West Media Ltd,Communication Services,,,,
SWTZ,Switzer Dividend Growth Fund (Managed Fund),,,,,
SXA,Strata-X Energy Ltd,Energy,,,,
SXE,Southern Cross Electrical Engineering Ltd,Industrials,,,,
SXL,Southern Cross Media Group Ltd,Communication Services,,,,
SXX,Southern Cross Exploration N.L.,Materials,,,,
SXY,SENEX Energy Ltd,Energy,,,,
SYA,Sayona Mining Ltd,Materials,,,,
SYD,Sydney Airport,Industrials,,,,
SYI,SPDR MSCI Australia Select High Dividend Yield Fund,,,,,
SYR,Syrah Resources Ltd,Materials,,,,
SYS,SYNGAS Limited,Energy,,,,
SYT,Syntonic Ltd,Information Technology,,,,
SZL,Sezzle Inc,Financials,,,,
T3D,333D Ltd,Industrials,,,,
TAH,Tabcorp Holdings Ltd,Consumer Discretionary,,,,
TAM,Tanami Gold NL,Materials,,,,
TAO,TAO Commodities Ltd,Materials,,,,
TAP,TAP Oil Ltd,Energy,,,,
TAR,Taruga Minerals Ltd,Materials,,,,
TAS,Tasman Resources Ltd,Materials,,,,
TBL,Tambla Ltd,Information Technology,,,,
TBR,Tribune Resources Ltd,Materials,,,,
TCL,Transurban Group,Industrials,,,,
TCN,Techniche Ltd,Information Technology,,,,
TCO,Transmetro Corporation Ltd,Consumer Discretionary,,,,
TD1,Tali Digital Ltd,Health Care,,,,
TDI,360 Capital Digital Infrastructure Fund,,,,,
TDL,TBG Diagnostics Ltd,Health Care,,,,
TDO,3D Oil Ltd,Energy,,,,
TDY,Thedocyard Ltd,Information Technology,,,,
TECH,ETFs Morningstar Global Technology ETF,,,,,
TEG,Triangle Energy (Global) Ltd,Energy,,,,
TEK,Thorney Technologies Ltd,,,,,
TER,Terracom Ltd,Energy,,,,
TFL,Tasfoods Ltd,Consumer Staples,,,,
TGA,Thorn Group Ltd,Consumer Discretionary,,,,
TGF,Tribeca Global Natural Resources Ltd,,,,,
TGG,Templeton Global Growth Fund Ltd,,,,,
TGH,Terragen Holdings Ltd,Materials,,,,
TGM,Theta Gold Mines Ltd,Materials,,,,
TGN,Tungsten Mining NL,Materials,,,,
TGO,Trimantium Growthops Ltd,Information Technology,,,,
TGP,360 Capital Group,Real Estate,,,,
TGR,Tassal Group Ltd,Consumer Staples,,,,
THC,THC Global Group Ltd,Health Care,,,,
THD,Thred Ltd,Communication Services,,,,
THR,Thor Mining Plc,Materials,,,,
TIA,Tian An Australia Ltd,Real Estate,,,,
TIE,Tietto Minerals Ltd,Materials,,,,
TIG,Tigers Realm Coal Ltd,Materials,,,,
TIN,TNT Mines Ltd,Materials,,,,
TIP,Teaminvest Private Group Ltd,Financials,,,,
TKF,Tikforce Ltd,Information Technology,,,,
TKL,Traka Resources Ltd,Materials,,,,
TKM,Trek Metals Ltd,Materials,,,,
TLG,Talga Resources Ltd,Materials,,,,
TLM,Talisman Mining Ltd,Materials,,,,
TLS,Telstra Corporation Ltd,,,,,
TLT,Tilt Renewables Ltd,Utilities,,,,
TLX,TELIX Pharmaceuticals Ltd,Health Care,,,,
TMG,Trigg Mining Ltd,Materials,,,,
TMK,Tamaska Oil and Gas Ltd,Energy,,,,
TML,Timah Resources Ltd,Utilities,,,,
TMR,Tempus Resources Ltd,Materials,,,,
TMT,Technology Metals Australia Ltd,Materials,,,,
TMX,Terrain Minerals Ltd,Materials,,,,
TMZ,Thomson Resources Ltd,Materials,,,,
TNE,Technology One Ltd,Information Technology,,,,
TNG,TNG Ltd,Materials,,,,
TNK,Think Childcare Group,Consumer Discretionary,,,,
TNP,Triple Energy Ltd,Energy,,,,
TNR,Torian Resources Ltd,Materials,,,,
TNT,Tesserent Ltd,Information Technology,,,,
TNY,Tinybeans Group Ltd,Communication Services,,,,
TOE,Toro Energy Ltd,Energy,,,,
TOM,Tomizone Ltd,,,,,
TON,Triton Minerals Ltd,Materials,,,,
TOP,Thorney Opportunities Ltd,,,,,
TOT,360 Capital REIT,Financials,,,,
TOU,Tlou Energy Ltd,Energy,,,,
TPC,TPC Consolidated Ltd,Utilities,,,,
TPD,Talon Petroleum Ltd,Energy,,,,
TPM,TPG Telecom Ltd,,,,,
TPO,Tian Poh Resources Ltd,Materials,,,,
TPP,Tempo Australia Ltd,Industrials,,,,
TPS,Threat Protect Australia Ltd,Industrials,,,,
TPW,Temple & Webster Group Ltd,Consumer Discretionary,,,,
TRA,Turners Automotive Group Ltd,Consumer Discretionary,,,,
TRL,Tanga Resources Ltd,Materials,,,,
TRM,Truscott Mining Corporation Ltd,Materials,,,,
TRS,The Reject Shop Ltd,Consumer Discretionary,,,,
TRT,Todd River Resources Ltd,Materials,,,,
TRY,Troy Resources Ltd,Materials,,,,
TSC,Twenty Seven Co. Ltd,Energy,,,,
TSL,Titanium Sands Ltd,Materials,,,,
TSO,Tesoro Resources Ltd,Materials,,,,
TTA,TTA Holdings Ltd,Consumer Discretionary,,,,
TTB,Total Brain Ltd,Health Care,,,,
TTI,Traffic Technologies Ltd,Industrials,,,,
TTL,Transcendence Technologies Ltd,Information Technology,,,,
TTM,Titan Minerals Ltd,Materials,,,,
TTT,Titomic Ltd,Materials,,,,
TV2,TV2U International Ltd,Information Technology,,,,
TWD,Tamawood Ltd,Consumer Discretionary,,,,
TWE,Treasury Wine Estates Ltd,Consumer Staples,,,,
TWR,Tower Ltd,Financials,,,,
TYM,TYMLEZ Group Ltd,Information Technology,,,,
TYR,Tyro Payments Ltd,Information Technology,,,,
TYX,Tyranna Resources Ltd,Materials,,,,
TZL,TZ Ltd,Information Technology,,,,
TZN,Terramin Australia Ltd,Materials,,,,
UBA,Ubs IQ MSCI Australia Ethical ETF,,,,,
UBE,Ubs IQ MSCI Europe Ethical ETF,,,,,
UBI,Universal Biosensors Inc,Health Care,,,,
UBJ,Ubs IQ MSCI Japan Ethical ETF,,,,,
UBN,Urbanise.com Ltd,Information Technology,,,,
UBP,Ubs IQ MSCI Asia APEX 50 Ethical ETF,,,,,
UBU,Ubs IQ MSCI Usa Ethical ETF,,,,,
UBW,Ubs IQ MSCI World Ex Australia Ethical ETF,,,,,
UCM,Uscom Ltd,Health Care,,,,
UCW,UCW Ltd,Consumer Discretionary,,,,
UMAX,Betashares S&P 500 Yield Maximiser Fund,,,,,
UMG,United Malt Group Ltd,Consumer Staples,,,,
UNL,United Networks Ltd,,,,,
UNV,Universal Coal Plc,Energy,,,,
UOS,United Overseas Australia Ltd,Real Estate,,,,
URF,US Masters Residential Property Fund,Real Estate,,,,
URW,Unibail-Rodamco-Westfield,Real Estate,,,,
USD,Betashares U.S. Dollar ETF,,,,,
UTR,Ultracharge Limited,Industrials,,,,
UUL,Ultima United Ltd,Real Estate,,,,
UUV,UUV Aquabotix Ltd,Industrials,,,,
UWL,Uniti Group Ltd,,,,,
VACF,Vanguard Australian Corp Fixed Interest INDEX ETF,,,,,
VAE,Vanguard Ftse Asia Ex Japan Shares INDEX ETF,,,,,
VAF,Vanguard Australian Fixed Interest INDEX ETF,,,,,
VAH,Virgin Australia Holdings Ltd,Industrials,,,,
VAL,Valor Resources Ltd,Materials,,,,
VAN,Vango Mining Ltd,Materials,,,,
VAP,Vanguard Australian Property Securities INDEX ETF,,,,,
VAR,Variscan Mines Ltd,Materials,,,,
VAS,Vanguard Australian Shares INDEX ETF,,,,,
VBLD,Vanguard Global Infrastructure INDEX ETF,,,,,
VBND,Vanguard Global Aggregate Bond INDEX (Hedged) ETF,,,,,
VBS,Vectus Biosystems Ltd,Health Care,,,,
VCF,Vanguard International Credit Securities INDEX (Hedged) ETF,,,,,
VCX,Vicinity Centres,Real Estate,,,,
VDBA,Vanguard Diversified Balanced INDEX ETF,,,,,
VDCO,Vanguard Diversified Conservative INDEX ETF,,,,,
VDGR,Vanguard Diversified Growth INDEX ETF,,,,,
VDHG,Vanguard Diversified High Growth INDEX ETF,,,,,
VEA,Viva Energy Group Ltd,Energy,,,,
VEC,Vector Resources Ltd,Materials,,,,
VEE,Veem Ltd,Industrials,,,,
VEFI,Vanguard Ethically Conscious GLB Agg Bond INDEX (Hedged) ETF,,,,,
VEN,Vintage Energy Ltd,Energy,,,,
VEQ,Vanguard Ftse Europe Shares ETF,,,,,
VESG,Vanguard Ethically Conscious International Shares INDEX ETF,,,,,
VEU,Vanguard All-World Ex-US Shares INDEX ETF,,,,,
VG1,Vgi Partners Global Investments Ltd,,,,,
VG8,Vgi Partners Asian Investments Ltd,,,,,
VGAD,Vanguard MSCI INDEX International Shares (Hedged) ETF,,,,,
VGB,Vanguard Australian Government Bond INDEX ETF,,,,,
VGE,Vanguard Ftse Emerging Markets Shares ETF,,,,,
VGI,VGI Partners Ltd,Financials,,,,
VGL,Vista Group International Ltd,Information Technology,,,,
VGMF,Vanguard Global Multi-Factor Active ETF (Managed Fund),,,,,
VGS,Vanguard MSCI INDEX International Shares ETF,,,,,
VHT,Volpara Health Technologies Ltd,Health Care,,,,
VHY,Vanguard Australian Shares High Yield ETF,,,,,
VIA,Viagold Capital Ltd,Materials,,,,
VIC,Victory Mines Ltd,Materials,,,,
VIF,Vanguard International Fixed Interest INDEX (Hedged) ETF,,,,,
VIG,Victor Group Holdings Ltd,Information Technology,,,,
VII,Vietnam Industrial Investments Ltd,Materials,,,,
VIP,VIP Gloves Ltd,Health Care,,,,
VISM,Vanguard MSCI International Small Companies INDEX ETF,,,,,
VIV,Vivid Technology Ltd,Industrials,,,,
VKA,Viking Mines Ltd,Materials,,,,
VLC,Vanguard MSCI Australian Large Companies INDEX ETF,,,,,
VLS,Vita Life Sciences Ltd,Health Care,,,,
VLT,Vault Intelligence Ltd,Information Technology,,,,
VMC,Venus Metals Corporation Ltd,Materials,,,,
VMG,VDM Group Ltd,Industrials,,,,
VMIN,Vanguard Global Minimum Volatility Active ETF (Managed Fund),,,,,
VML,Vital Metals Ltd,Materials,,,,
VMS,Venture Minerals Ltd,Materials,,,,
VMT,Vmoto Ltd,Consumer Discretionary,,,,
VMX,Valmec Ltd,Energy,,,,
VMY,Vimy Resources Ltd,Energy,,,,
VN8,VONEX Ltd,,,,,
VOC,Vocus Group Ltd,,,,,
VOL,Victory Offices Ltd,Real Estate,,,,
VOR,Vortiv Ltd,Information Technology,,,,
VP7,Velocity Property Group Ltd,Real Estate,,,,
VPC,VPCL Ltd,,,,,
VPR,Volt Power Group Ltd,Utilities,,,,
VR1,Vection Technologies Ltd,Information Technology,,,,
VR8,Vanadium Resources Ltd,Materials,,,,
VRC,Volt Resources Ltd,Materials,,,,
VRL,Village Roadshow Ltd,Communication Services,,,,
VRS,Veris Ltd,Industrials,,,,
VRT,Virtus Health Ltd,Health Care,,,,
VRX,VRX Silica Ltd,Materials,,,,
VSO,Vanguard MSCI Australian Small Companies INDEX ETF,,,,,
VTG,Vita Group Ltd,Consumer Discretionary,,,,
VTH,Vitalharvest Freehold Trust,Real Estate,,,,
VTI,"Visioneering Technologies, Inc",Health Care,,,,
VTS,Vanguard US Total Market Shares INDEX ETF,,,,,
VUK,Virgin Money Uk Plc,Financials,,,,
VUL,Vulcan Energy Resources Ltd,Materials,,,,
VVA,Viva Leisure Ltd,Consumer Discretionary,,,,
VVLU,Vanguard Global Value Equity Active ETF (Managed Fund),,,,,
VVR,Viva Energy REIT,Real Estate,,,,
VXR,Venturex Resources Ltd,Materials,,,,
VYS,Vysarn Ltd,Materials,,,,
WAA,Wam Active Ltd,,,,,
WAF,West African Resources Ltd,Materials,,,,
WAM,WAM Capital Ltd,,,,,
WAT,Waterco Ltd,Consumer Discretionary,,,,
WAX,Wam Research Ltd,,,,,
WBC,Westpac Banking Corporation,Financials,,,,
WBE,Whitebark Energy Ltd,Energy,,,,
WBT,Weebit Nano Ltd,Information Technology,,,,
WCMQ,WCM Quality Global Growth Fund (Quoted Managed Fund),,,,,
WCN,White Cliff Minerals Ltd,Materials,,,,
WDIV,SPDR S&P Global Dividend Fund,,,,,
WDMF,Ishares Edge MSCI World Multifactor ETF,,,,,
WEB,Webjet Ltd,Consumer Discretionary,,,,
WEC,White Energy Company Ltd,Energy,,,,
WEL,Winchester Energy Ltd,Energy,,,,
WEMG,SPDR S&P Emerging Markets Fund,,,,,
WES,Wesfarmers Ltd,Consumer Discretionary,,,,
WFE,Winmar Resources Ltd,Materials,,,,
WGB,Wam Global Ltd,,,,,
WGN,Wagners Holding Company Ltd,Materials,,,,
WGO,Warrego Energy Ltd,Energy,,,,
WGX,Westgold Resources Ltd,Materials,,,,
WHA,Wattle Health Australia Ltd,Consumer Staples,,,,
WHC,Whitehaven Coal Ltd,Energy,,,,
WHF,Whitefield Ltd,,,,,
WHFPA,Whitefield Ltd,Financials,,,,
WHK,Whitehawk Ltd,Consumer Discretionary,,,,
WIC,Westoz Investment Company Ltd,,,,,
WJA,Wameja Ltd,Information Technology,,,,
WKT,Walkabout Resources Ltd,Materials,,,,
WLC,Wollongong Coal Ltd,Materials,,,,
WLD,Wellard Ltd,Consumer Staples,,,,
WLE,Wam Leaders Ltd,,,,,
WLF,Wolf Minerals,Materials,,,,
WMI,Wam Microcap Ltd,,,,,
WML,Woomera Mining Ltd,Materials,,,,
WNB,Wellness and Beauty Solutions Ltd,Consumer Discretionary,,,,
WND,Windlab Ltd,Utilities,,,,
WNR,Wingara AG Ltd,Consumer Staples,,,,
WNS,World.Net Services Ltd,Information Technology,,,,
WOA,Wide Open Agriculture Ltd,Consumer Staples,,,,
WOR,Worley Ltd,Energy,,,,
WOW,Woolworths Group Ltd,Consumer Staples,,,,
WPL,Woodside Petroleum Ltd,Energy,,,,
WPP,WPP AUNZ Ltd,Communication Services,,,,
WQG,WCM Global Growth Ltd,,,,,
WRLD,Betashares Managed Risk Global Share Fund (Managed Fund),,,,,
WRM,White Rock Minerals Ltd,Materials,,,,
WSA,Western Areas Ltd,Materials,,,,
WSI,Weststar Industrial Ltd,Materials,,,,
WSP,Whispir Ltd,Information Technology,,,,
WTC,Wisetech Global Ltd,Information Technology,,,,
WTL,WT Financial Group Ltd,Financials,,,,
WVOL,Ishares Edge MSCI World Minimum Volatility ETF,,,,,
WWG,Wiseway Group Ltd,Industrials,,,,
WWI,West Wits Mining Ltd,Materials,,,,
WXHG,SPDR S&P World Ex Australia (Hedged) Fund,,,,,
WXOZ,SPDR S&P World Ex Australia Fund,,,,,
WZR,Wisr Ltd,Financials,,,,
XAM,Xanadu Mines Ltd,Materials,,,,
XARO,Activex Ardea Real Outcome Bond Fund (Managed Fund),,,,,
XCD,XCD Energy Ltd,Energy,,,,
XF1,Xref Ltd,Information Technology,,,,
XPD,XPD Soccer Gear Group Ltd,Consumer Discretionary,,,,
XPE,Xped Ltd,Information Technology,,,,
XPL,Xplore Wealth Ltd,Financials,,,,
XRF,XRF Scientific Ltd,Industrials,,,,
XRO,Xero Ltd,Information Technology,,,,
XST,Xstate Resources Ltd,Energy,,,,
XTC,Xantippe Resources Ltd,Materials,,,,
XTD,XTD Ltd,Communication Services,,,,
XTE,Xtek Ltd,Industrials,,,,
YAL,Yancoal Australia Ltd,Energy,,,,
YANK,Betashares Strong U.S. Dollar Fund (Hedge Fund),,,,,
YBR,Yellow Brick Road Holdings Ltd,Financials,,,,
YMAX,Betashares Aus TOP20 Equity Yield MAX Fund (MG FD),Consumer Discretionary,,,,
YOJ,Yojee Ltd,Information Technology,,,,
YOW,Yowie Group Ltd,Consumer Staples,,,,
YPB,YPB Group Ltd,Industrials,,,,
YRL,Yandal Resources Ltd,Materials,,,,
Z1P,ZIP Co Ltd,Financials,,,,
Z3RO,Pinnacle Ashares Dynamic Cash Fund (Managed Fund),,,,,
ZEL,Z Energy Ltd,Energy,,,,
ZEN,Zenith Energy Ltd,Utilities,,,,
ZER,ZETA Resources Ltd,,,,,
ZEU,ZEUS Resources Ltd,Energy,,,,
ZGL,ZICOM Group Ltd,Industrials,,,,
ZIM,Zimplats Holdings Ltd,Materials,,,,
ZIP,Ziptel Ltd,,,,,
ZLD,Zelira Therapeutics Ltd,Health Care,,,,
ZMI,ZINC of Ireland NL,Materials,,,,
ZMICA,ZINC of Ireland NL,,,,,
ZNC,Zenith Minerals Ltd,Materials,,,,
ZNO,ZOONO Group Ltd,Materials,,,,
ZUSD,ETFs Enhanced Usd Cash ETF,,,,,
ZYAU,ETFs S&P/ASX 300 High Yield Plus ETF,,,,,
ZYB,ZYBER Holdings Ltd,Information Technology,,,,
ZYUS,ETFs S&P 500 High Yield Low Volatility ETF,,,,,